FID,region_nom_bdd,prefecture_nom_bdd,commune_nom_bdd,canton_nom_bdd,labo_nom,labo_secteur,annee,ouverture,geometry
_mview_sant_laboratoires_analyses.fid-2a24adac_19adf174350_7564,Maritime,Agoè-Nyivé,Agoè-Nyivé 1,Agoè-Nyivé,Laboratoire de la clinique la Miséricorde,Prive,N/a,N/a,POINT (1.169553743141261 6.241435627785449)
_mview_sant_laboratoires_analyses.fid-2a24adac_19adf174350_7565,Maritime,Agoè-Nyivé,Agoè-Nyivé 1,Agoè-Nyivé,Laboratoire CMS AAPV,Association,Nsp,"{Lundi,Mardi,Mercredi,Jeudi,Vendredi,Samedi,Dimanche}",POINT (1.1964714641457879 6.24412947365612)
_mview_sant_laboratoires_analyses.fid-2a24adac_19adf174350_7566,Maritime,Golfe,Golfe 3,Bè-Ouest,Laboratoire de L Infirmerie du St Vincent de Paul,Confessionnel,Nsp,Nsp,POINT (1.2102413857337213 6.149141460113103)
_mview_sant_laboratoires_analyses.fid-2a24adac_19adf174350_7567,Maritime,Golfe,Golfe 5,Aflao-Gakli,Laboratoire du CMS Avopras,Prive,2003,"{Lundi,Mardi,Mercredi,Jeudi,Vendredi,Samedi}",POINT (1.1977268885299326 6.193086812400012)
_mview_sant_laboratoires_analyses.fid-2a24adac_19adf174350_7568,Maritime,Golfe,Golfe 1,Bè-Est,Laboratoire de la Clinique Orient,Prive,Nsp,Nsp,POINT (1.246968735723345 6.214353654641558)
_mview_sant_laboratoires_analyses.fid-2a24adac_19adf174350_7569,Maritime,Golfe,Golfe 4,Amoutivé,Polyclinique de Lome Laboratoire,Public,2008,"{Lundi,Mardi,Mercredi,Jeudi,Vendredi}",POINT (1.220558722689809 6.127771142975434)
_mview_sant_laboratoires_analyses.fid-2a24adac_19adf174350_756a,Maritime,Agoè-Nyivé,Agoè-Nyivé 5,Sanguera,Laboratoire CMS Shalom,Prive,Nsp,Nsp,POINT (1.1248797501436565 6.244137008252494)
_mview_sant_laboratoires_analyses.fid-2a24adac_19adf174350_756b,Maritime,Agoè-Nyivé,Agoè-Nyivé 1,Agoè-Nyivé,Laboratoire d'Analyse,Public,1952,"{Lundi,Mardi,Mercredi,Jeudi,Vendredi}",POINT (1.2103928138880795 6.223817903612435)
_mview_sant_laboratoires_analyses.fid-2a24adac_19adf174350_756c,Maritime,Golfe,Golfe 4,Amoutivé,Laboratoire Nationale de Référence Tuberculose,Public,2006,"{Lundi,Mardi,Mercredi,Jeudi,Vendredi,Samedi,Dimanche}",POINT (1.2067903902184176 6.144476473629192)
_mview_sant_laboratoires_analyses.fid-2a24adac_19adf174350_756d,Maritime,Agoè-Nyivé,Agoè-Nyivé 6,Adétikopé,Laboratoire CMS Msa,Prive,Nsp,Nsp,POINT (1.2158778192167696 6.3038989174463405)
_mview_sant_laboratoires_analyses.fid-2a24adac_19adf174350_756e,Maritime,Golfe,Golfe 2,Bè-Centre,Laboratoire Médical ONG Asdes,Prive,2016,"{Lundi,Mardi,Mercredi,Jeudi,Vendredi,Samedi}",POINT (1.2661002259513618 6.195605324991828)
_mview_sant_laboratoires_analyses.fid-2a24adac_19adf174350_756f,Maritime,Agoè-Nyivé,Agoè-Nyivé 1,Agoè-Nyivé,Laboratoire de l'ONG Rapha,ONG,N/a,N/a,POINT (1.1743814757966011 6.227763959366983)
_mview_sant_laboratoires_analyses.fid-2a24adac_19adf174350_7570,Maritime,Agoè-Nyivé,Agoè-Nyivé 1,Agoè-Nyivé,Laboratoire Clinique Médicale G2A,Prive,2013,"{Samedi,Vendredi,Jeudi,Mercredi,Mardi,Lundi}",POINT (1.172190475131432 6.247889352245615)
_mview_sant_laboratoires_analyses.fid-2a24adac_19adf174350_7571,Maritime,Agoè-Nyivé,Agoè-Nyivé 1,Agoè-Nyivé,Laboratoire du CMS Dr Rachel Jones,Confessionnel,2011,"{Lundi,Mardi,Mercredi,Jeudi,Vendredi}",POINT (1.1825581201563913 6.228303620729372)
_mview_sant_laboratoires_analyses.fid-2a24adac_19adf174350_7572,Maritime,Agoè-Nyivé,Agoè-Nyivé 1,Agoè-Nyivé,Laboratoire CMS lero,Prive,Nsp,"{Lundi,Mardi,Mercredi,Jeudi,Vendredi,Samedi}",POINT (1.1899910974785348 6.230904750777082)
_mview_sant_laboratoires_analyses.fid-2a24adac_19adf174350_7573,Maritime,Agoè-Nyivé,Agoè-Nyivé 5,Sanguera,Laboratoire CMS L'éternel Guérit,Prive,En construction,"{Vendredi,Jeudi,Lundi,Mercredi,Mardi}",POINT (1.1460702746140605 6.2291406111989565)
_mview_sant_laboratoires_analyses.fid-2a24adac_19adf174350_7574,Maritime,Yoto,Yoto 2,Tchékpo,Laboratoire de L'USP Tchekpo dedekpoe,Public,2013,"{Lundi,Mardi,Mercredi,Jeudi,Vendredi}",POINT (1.3594617076773416 6.531236247082621)
_mview_sant_laboratoires_analyses.fid-2a24adac_19adf174350_7575,Maritime,Golfe,Golfe 5,Aflao-Gakli,Laboratoire CMS Notre Dame de la Trinite,Prive,2011,"{Lundi,Mardi,Mercredi,Jeudi,Vendredi}",POINT (1.1624131518996843 6.205429548765819)
_mview_sant_laboratoires_analyses.fid-2a24adac_19adf174350_7576,Maritime,Zio,Zio 1,Djagblé,Laboratoire d'analyse de CMS St Joseph,Prive,2014,"{Lundi,Mardi,Mercredi,Jeudi,Vendredi,Samedi}",POINT (1.2822414237255668 6.253527114861041)
_mview_sant_laboratoires_analyses.fid-2a24adac_19adf174350_7577,Maritime,Golfe,Golfe 2,Bè-Centre,Clinique de L'aéroport Laboratoire,Prive,1998,"{Lundi,Mardi,Mercredi,Jeudi,Vendredi,Samedi}",POINT (1.2463737559936539 6.168819753998948)
_mview_sant_laboratoires_analyses.fid-2a24adac_19adf174350_7578,Maritime,Golfe,Golfe 2,Bè-Centre,CMS Maison du Hadj Laboratoire,Prive,2019,"{Lundi,Mardi,Mercredi,Jeudi,Vendredi,Samedi}",POINT (1.2547128555761589 6.181794523676489)
_mview_sant_laboratoires_analyses.fid-2a24adac_19adf174350_7579,Maritime,Golfe,Golfe 2,Bè-Centre,Dispensaire du Saint Esprit Laboratoire,Prive,Nsp,"{Lundi,Mardi,Mercredi,Jeudi,Vendredi}",POINT (1.2452748864165324 6.1871023507550325)
_mview_sant_laboratoires_analyses.fid-2a24adac_19adf174350_757a,Maritime,Golfe,Golfe 4,Amoutivé,Laboratoire du Clinique Alpia,Prive,Nsp,"{Lundi,Mardi,Mercredi,Jeudi,Vendredi}",POINT (1.2208931759660944 6.138678173666893)
_mview_sant_laboratoires_analyses.fid-2a24adac_19adf174350_757b,Maritime,Golfe,Golfe 4,Amoutivé,Laboratoire Cabinet Medical Pediatrique Drs Locoh Donou,Prive,1983,"{Lundi,Mardi,Mercredi,Jeudi,Vendredi,Samedi}",POINT (1.2112512792948467 6.134121617532975)
_mview_sant_laboratoires_analyses.fid-2a24adac_19adf174350_757c,Maritime,Golfe,Golfe 6,Baguida,Laboratoire de la Clinique Bella Vita,Prive,2018,"{Lundi,Mardi,Mercredi,Jeudi,Vendredi,Samedi}",POINT (1.3447652117783961 6.177126345015977)
_mview_sant_laboratoires_analyses.fid-2a24adac_19adf174350_757d,Maritime,Golfe,Golfe 6,Baguida,Laboratoire USP de devego,Public,2008,"{Lundi,Mardi,Mercredi,Jeudi,Vendredi}",POINT (1.3435683842894042 6.194769748007019)
_mview_sant_laboratoires_analyses.fid-2a24adac_19adf174350_757e,Maritime,Golfe,Golfe 7,Aflao-Sagbado,Laboratoire Clinique Peniel,Prive,2022,"{Lundi,Mardi,Mercredi,Jeudi,Vendredi}",POINT (1.1282834037592944 6.220062611483767)
_mview_sant_laboratoires_analyses.fid-2a24adac_19adf174350_757f,Maritime,Lacs,Lacs 1,Aného,Laboratoire CMS lanmesin,Prive,2007,"{Lundi,Mardi,Mercredi,Jeudi,Vendredi}",POINT (1.5963740975023795 6.227793542478753)
_mview_sant_laboratoires_analyses.fid-2a24adac_19adf174350_7580,Maritime,Lacs,Lacs 1,Aného,Laboratoire Polyclinique Mere Enfant Aneho,Public,2007,"{Lundi,Mardi,Mercredi,Jeudi,Vendredi}",POINT (1.594661275647468 6.229443919065458)
_mview_sant_laboratoires_analyses.fid-2a24adac_19adf174350_7581,Maritime,Lacs,Lacs 1,Glidji,Laboratoire de L'hopital Psychiatrique de Zebe,Public,1904,"{Vendredi,Jeudi,Mercredi,Mardi,Lundi}",POINT (1.6153670130966011 6.249727386745761)
_mview_sant_laboratoires_analyses.fid-2a24adac_19adf174350_7582,Maritime,Lacs,Lacs 1,Glidji,Laboratoire de L'USP Glidji,Public,2013,"{Lundi,Mardi,Mercredi,Jeudi,Vendredi}",POINT (1.6008022554241843 6.249517262176657)
_mview_sant_laboratoires_analyses.fid-2a24adac_19adf174350_7583,Maritime,Lacs,Lacs 1,Canton D’Aneho,Laboratoire de Centre Hospitalier Adjido Aneho,Public,Nsp,"{Lundi,Mardi,Mercredi,Jeudi,Vendredi,Samedi,Dimanche}",POINT (1.6095810840729756 6.2356995319648485)
_mview_sant_laboratoires_analyses.fid-2a24adac_19adf174350_7584,Maritime,Lacs,Lacs 2,Aklakou,Laboratoire du CMS Aklakou,Public,2018,"{Vendredi,Jeudi,Mercredi,Mardi,Lundi}",POINT (1.7104057915961632 6.337393158491599)
_mview_sant_laboratoires_analyses.fid-2a24adac_19adf174350_7585,Maritime,Lacs,Lacs 3,Agbodrafo,CMS Laboratoire d'Infirmerie Kpeme,Prive,Nsp,"{Dimanche,Samedi,Vendredi,Jeudi,Mercredi,Mardi,Lundi}",POINT (1.511376934856319 6.2108419589585715)
_mview_sant_laboratoires_analyses.fid-2a24adac_19adf174350_7586,Maritime,Lacs,Lacs 3,Agbodrafo,Laboratoire d'Analyse,Public,2009,"{Lundi,Mardi,Mercredi,Jeudi,Vendredi}",POINT (1.480729328298289 6.211754397783689)
_mview_sant_laboratoires_analyses.fid-2a24adac_19adf174350_7587,Maritime,Lacs,Lacs 3,Gbodjomé,Laboratoire du CMS Dieudonne,ONG,2016,"{Lundi,Mardi,Mercredi,Jeudi,Vendredi,Samedi}",POINT (1.3882665990203085 6.1987393779177244)
_mview_sant_laboratoires_analyses.fid-2a24adac_19adf174350_7588,Maritime,Lacs,Lacs 3,Gbodjomé,Laboratoire CMS denum dei,Prive,2013,"{Dimanche,Samedi,Vendredi,Jeudi,Mercredi,Mardi,Lundi}",POINT (1.3952571029226961 6.192770586974157)
_mview_sant_laboratoires_analyses.fid-2a24adac_19adf174350_7589,Maritime,Lacs,Lacs 3,Gbodjomé,Laboratoire d'Analyse,Public,2013,"{Lundi,Mardi,Mercredi,Jeudi,Vendredi}",POINT (1.418434621621304 6.198226875396476)
_mview_sant_laboratoires_analyses.fid-2a24adac_19adf174350_758a,Maritime,Lacs,Lacs 3,Agbodrafo,Laboratoire USP Kpeme,Public,2014,"{Lundi,Mardi,Mercredi,Jeudi,Vendredi}",POINT (1.5047196725586598 6.211906549686495)
_mview_sant_laboratoires_analyses.fid-2a24adac_19adf174350_758b,Maritime,Lacs,Lacs 4,Ganavé,Laboratoire CMA de Zowla,Public,2011,"{Lundi,Mardi,Mercredi,Jeudi,Vendredi,Samedi}",POINT (1.5997362173279215 6.29513111072934)
_mview_sant_laboratoires_analyses.fid-2a24adac_19adf174350_758c,Maritime,Lacs,Lacs 4,Anfoin,Laboratoire CMS Anfoin,Public,Nsp,"{Lundi,Mardi,Mercredi,Jeudi,Vendredi}",POINT (1.6130401672423753 6.326648753034761)
_mview_sant_laboratoires_analyses.fid-2a24adac_19adf174350_758d,Maritime,Lacs,Lacs 4,Fiata,Laboratoire du CMS St Gaetan de Fiata,Confessionnel,1995,"{Lundi,Mardi,Mercredi,Jeudi,Vendredi}",POINT (1.640645883883439 6.325083293170414)
_mview_sant_laboratoires_analyses.fid-2a24adac_19adf174350_758e,Maritime,Lacs,Lacs 4,Ganavé,Laboratoire CMS Dr Fernando Giardinantti,Confessionnel,2014,"{Lundi,Mardi,Mercredi,Jeudi,Vendredi}",POINT (1.6168329895167914 6.272147811734222)
_mview_sant_laboratoires_analyses.fid-2a24adac_19adf174350_758f,Maritime,Golfe,Golfe 2,Bè-Centre,Laboratoire Cabinet Arche de Noe,Prive,Nsp,"{Lundi,Mardi,Mercredi,Jeudi,Vendredi,Samedi}",POINT (1.2360276001818502 6.16667177369668)
_mview_sant_laboratoires_analyses.fid-2a24adac_19adf174350_7590,Maritime,Agoè-Nyivé,Agoè-Nyivé 1,Agoè-Nyivé,Laboratoire de L Association Amacach,Prive,2005,"{Lundi,Mardi,Mercredi,Jeudi,Vendredi,Samedi,Dimanche}",POINT (1.2226587090836445 6.216944881227731)
_mview_sant_laboratoires_analyses.fid-2a24adac_19adf174350_7591,Maritime,Golfe,Golfe 1,Bè-Est,Laboratoire du Cabinet de Procreation Cynthia,Prive,2022,"{Lundi,Mardi,Mercredi,Jeudi,Vendredi}",POINT (1.2621098153932573 6.151160131484629)
_mview_sant_laboratoires_analyses.fid-2a24adac_19adf174350_7592,Maritime,Golfe,Golfe 1,Bè-Est,Laboratoire de Cabinet de Soins Infirmiers Peniel,Prive,Nsp,"{Lundi,Mardi,Mercredi,Jeudi,Vendredi}",POINT (1.2767187347438662 6.170356598453293)
_mview_sant_laboratoires_analyses.fid-2a24adac_19adf174350_7593,Maritime,Golfe,Golfe 4,Amoutivé,Cabinet dentaire Ivoire,Prive,1997,"{Lundi,Mardi,Mercredi,Jeudi,Vendredi,Samedi}",POINT (1.2010378861386874 6.126148008573081)
_mview_sant_laboratoires_analyses.fid-2a24adac_19adf174350_7594,Maritime,Golfe,Golfe 4,Amoutivé,Laboratoire du Cabinet dentaire le Salut,Prive,Nsp,"{Lundi,Mardi,Mercredi,Jeudi,Vendredi}",POINT (1.2027134368232784 6.141665749974606)
_mview_sant_laboratoires_analyses.fid-2a24adac_19adf174350_7595,Maritime,Golfe,Golfe 7,Aflao-Sagbado,Laboratoire,Prive,Nsp,"{Lundi,Mardi,Mercredi,Jeudi,Vendredi,Samedi}",POINT (1.1438944315843824 6.192670130039679)
_mview_sant_laboratoires_analyses.fid-2a24adac_19adf174350_7596,Maritime,Agoè-Nyivé,Agoè-Nyivé 1,Agoè-Nyivé,Laboratoire Cabinet Groupe Medical,Prive,2012,"{Vendredi,Jeudi,Mercredi,Mardi,Lundi}",POINT (1.1819478468070512 6.230555664437141)
_mview_sant_laboratoires_analyses.fid-2a24adac_19adf174350_7597,Maritime,Agoè-Nyivé,Agoè-Nyivé 1,Agoè-Nyivé,Laboratoire Cabinet Medical Bayal,Prive,2016,"{Lundi,Mardi,Mercredi,Jeudi,Vendredi,Samedi,Dimanche}",POINT (1.1915515052527077 6.243964567445045)
_mview_sant_laboratoires_analyses.fid-2a24adac_19adf174350_7598,Maritime,Golfe,Golfe 5,Aflao-Gakli,Laboratoire du Cabinet Coeur de Grâce,Prive,2020,"{Lundi,Mardi,Mercredi,Jeudi,Vendredi,Samedi}",POINT (1.184847426702348 6.189317303988907)
_mview_sant_laboratoires_analyses.fid-2a24adac_19adf174350_7599,Maritime,Golfe,Golfe 5,Aflao-Gakli,Laboratoire Cabinet Medical Darof,Prive,Nsp,"{Lundi,Mardi,Mercredi,Jeudi,Vendredi,Samedi}",POINT (1.1546027939481665 6.208785531363405)
_mview_sant_laboratoires_analyses.fid-2a24adac_19adf174350_759a,Maritime,Golfe,Golfe 4,Amoutivé,Laboratoire Cabinet Médical Cardiologie Enam,Prive,2019,"{Lundi,Mardi,Mercredi,Jeudi,Vendredi,Samedi}",POINT (1.2139229039359085 6.1351029984332826)
_mview_sant_laboratoires_analyses.fid-2a24adac_19adf174350_759b,Maritime,Golfe,Golfe 2,Bè-Centre,Cabinet Medical Dieu Donne Laboratoire,Prive,2017,"{Lundi,Mardi,Mercredi,Jeudi,Vendredi}",POINT (1.246364178201641 6.183943108161656)
_mview_sant_laboratoires_analyses.fid-2a24adac_19adf174350_759c,Maritime,Golfe,Golfe 1,Bè-Est,Laboratoire Cabinet Medical Dieu Sauve,Prive,2018,"{Lundi,Mardi,Mercredi,Jeudi,Vendredi}",POINT (1.2398986214355108 6.135800391171137)
_mview_sant_laboratoires_analyses.fid-2a24adac_19adf174350_759d,Maritime,Golfe,Golfe 1,Bè-Est,Laboratoire du Cabinet Médical du Rocher,Prive,2020,"{Lundi,Mardi,Mercredi,Jeudi,Vendredi,Samedi,Dimanche}",POINT (1.2557290629006526 6.14941282582361)
_mview_sant_laboratoires_analyses.fid-2a24adac_19adf174350_759e,Maritime,Zio,Zio 3,Agbélouvé,Laboratoire d'analyse du Cabinet Jardin de la Resurrection,Public,2020,"{Lundi,Mardi,Mercredi,Jeudi,Vendredi,Samedi}",POINT (1.1678975835538155 6.676735361869906)
_mview_sant_laboratoires_analyses.fid-2a24adac_19adf174350_759f,Maritime,Golfe,Golfe 5,Aflao-Gakli,Laboratoire d'analyse du Cabinet Médical la Compassion,Prive,Nsp,"{Lundi,Mardi,Mercredi,Jeudi,Vendredi,Samedi}",POINT (1.193757494315217 6.172633018088757)
_mview_sant_laboratoires_analyses.fid-2a24adac_19adf174350_75a0,Maritime,Golfe,Golfe 1,Bè-Est,Laboratoire d'Analyse du Cabinet Medical la Grace,Prive,2013,"{Lundi,Mardi,Mercredi,Jeudi,Vendredi,Samedi,Dimanche}",POINT (1.2606093173919086 6.15213034557689)
_mview_sant_laboratoires_analyses.fid-2a24adac_19adf174350_75a1,Maritime,Agoè-Nyivé,Agoè-Nyivé 1,Agoè-Nyivé,Laboratoire Cabinet Medical la Tolérance,Prive,Nsp,"{Lundi,Mardi,Mercredi,Jeudi,Vendredi}",POINT (1.170863641287328 6.257877913287936)
_mview_sant_laboratoires_analyses.fid-2a24adac_19adf174350_75a2,Maritime,Avé,Avé 1,Tovégan,Laboratoire d'analyse du Cabinet le Jourdin,Prive,Nsp,"{Lundi,Mardi,Mercredi,Jeudi,Vendredi,Samedi}",POINT (0.8923489014058978 6.5633807508457425)
_mview_sant_laboratoires_analyses.fid-2a24adac_19adf174350_75a3,Maritime,Golfe,Golfe 3,Bè-Ouest,Laboratoire du Cabinet Medical le Rosaire,Prive,Nsp,"{Lundi,Mardi,Mercredi,Jeudi,Vendredi,Samedi}",POINT (1.2271231552760957 6.149492407654997)
_mview_sant_laboratoires_analyses.fid-2a24adac_19adf174350_75a4,Maritime,Golfe,Golfe 5,Aflao-Gakli,Laboratoire d'analyse du Cabinet Medical le Sauveur,Prive,1989,"{Vendredi,Jeudi,Mercredi,Mardi,Lundi}",POINT (1.1959101397447647 6.180121383043453)
_mview_sant_laboratoires_analyses.fid-2a24adac_19adf174350_75a5,Maritime,Golfe,Golfe 7,Aflao-Sagbado,Laboratoire d'analyses,Prive,2021,"{Lundi,Mardi,Mercredi,Jeudi,Vendredi,Samedi,Dimanche}",POINT (1.1434494696105726 6.2002230148748785)
_mview_sant_laboratoires_analyses.fid-2a24adac_19adf174350_75a6,Maritime,Golfe,Golfe 5,Aflao-Gakli,Laboratoire d'analyse du Cabinet Médical les P'tits Anges,Public,2019,"{Lundi,Mardi,Mercredi,Jeudi,Vendredi,Samedi}",POINT (1.195316980750351 6.186632845632062)
_mview_sant_laboratoires_analyses.fid-2a24adac_19adf174350_75a7,Maritime,Golfe,Golfe 7,Aflao-Sagbado,Laboratoire du Cabinet Médical Marie Uriel,Prive,Nsp,"{Lundi,Mardi,Vendredi,Jeudi,Mercredi}",POINT (1.144827082973219 6.187805534960922)
_mview_sant_laboratoires_analyses.fid-2a24adac_19adf174350_75a8,Maritime,Agoè-Nyivé,Agoè-Nyivé 1,Agoè-Nyivé,Laboratoire Clinique Mawuena,Prive,2021,"{Lundi,Mardi,Mercredi,Jeudi,Vendredi}",POINT (1.1882118450178007 6.216136975167986)
_mview_sant_laboratoires_analyses.fid-2a24adac_19adf174350_75a9,Maritime,Golfe,Golfe 1,Bè-Est,Laboratoire du Cabinet Médical Mon Trésor,Prive,2017,"{Lundi,Mardi,Mercredi,Jeudi,Vendredi}",POINT (1.254180895854158 6.155859508441916)
_mview_sant_laboratoires_analyses.fid-2a24adac_19adf174350_75aa,Maritime,Agoè-Nyivé,Agoè-Nyivé 1,Agoè-Nyivé,Cabinet Médical Nado Laboratoire,Prive,2003,"{Vendredi,Jeudi,Mercredi,Mardi,Lundi}",POINT (1.1788365275765464 6.25590444233581)
_mview_sant_laboratoires_analyses.fid-2a24adac_19adf174350_75ab,Maritime,Golfe,Golfe 5,Aflao-Gakli,Laboratoire d'analyse du Cabinet Médical Patience,Prive,2020,"{Lundi,Mardi,Mercredi,Jeudi,Vendredi,Samedi}",POINT (1.1651542384841398 6.20486796826662)
_mview_sant_laboratoires_analyses.fid-2a24adac_19adf174350_75ac,Maritime,Agoè-Nyivé,Agoè-Nyivé 2,Légbassito,Laboratoire du Cabinet Medical Sante Beta Plus,Prive,2021,"{Lundi,Mardi,Mercredi,Jeudi,Vendredi}",POINT (1.1485351330001539 6.248485177824857)
_mview_sant_laboratoires_analyses.fid-2a24adac_19adf174350_75ad,Maritime,Golfe,Golfe 7,Aflao-Sagbado,Laboratoire du Cabinet Medical Sante Integrale,Prive,2020,"{Lundi,Mardi,Mercredi,Jeudi,Vendredi,Samedi}",POINT (1.1152651863522638 6.18583912227867)
_mview_sant_laboratoires_analyses.fid-2a24adac_19adf174350_75ae,Maritime,Agoè-Nyivé,Agoè-Nyivé 5,Sanguera,Laboratoire du Cabinet Médical Santé Pour Tous,Prive,2021,"{Lundi,Mardi,Mercredi,Jeudi,Vendredi}",POINT (1.1372262361569618 6.222051854034487)
_mview_sant_laboratoires_analyses.fid-2a24adac_19adf174350_75af,Maritime,Golfe,Golfe 6,Baguida,Laboratoire du Cabinet Medical Source de Vie,Prive,2022,"{Lundi,Mardi,Mercredi,Jeudi,Vendredi,Samedi}",POINT (1.329714535510498 6.167803411901866)
_mview_sant_laboratoires_analyses.fid-2a24adac_19adf174350_75b0,Maritime,Agoè-Nyivé,Agoè-Nyivé 1,Agoè-Nyivé,Laboratoire Cabinet Medicale Tru,Prive,1998,"{Lundi,Mardi,Mercredi,Jeudi,Vendredi,Samedi,Dimanche}",POINT (1.2006963927457481 6.22773108044413)
_mview_sant_laboratoires_analyses.fid-2a24adac_19adf174350_75b1,Maritime,Golfe,Golfe 5,Aflao-Gakli,Laboratoire D'analyse du Cabinet Medical Wo Xose Adewo,Prive,2003,"{Jeudi,Mercredi,Mardi,Lundi,Vendredi,Samedi,Dimanche}",POINT (1.1911616165623413 6.174462961906057)
_mview_sant_laboratoires_analyses.fid-2a24adac_19adf174350_75b2,Maritime,Golfe,Golfe 5,Aflao-Gakli,Laboratoire du Cabinet Medical Zoe,Prive,2021,"{Lundi,Mardi,Mercredi,Jeudi,Vendredi,Samedi}",POINT (1.1863902499416668 6.170715026075245)
_mview_sant_laboratoires_analyses.fid-2a24adac_19adf174350_75b3,Maritime,Golfe,Golfe 6,Baguida,Laboratoire de Cardio Coeur Vaillant,Prive,2019,"{Lundi,Mardi,Mercredi,Jeudi,Vendredi,Samedi}",POINT (1.3506551311632549 6.175275087921305)
_mview_sant_laboratoires_analyses.fid-2a24adac_19adf174350_75b4,Maritime,Golfe,Golfe 1,Bè-Est,Laboratoire du Centre de Sante Adakpame,Public,Nsp,"{Lundi,Mardi,Mercredi,Jeudi,Vendredi}",POINT (1.2848667401412488 6.1705368282279585)
_mview_sant_laboratoires_analyses.fid-2a24adac_19adf174350_75b5,Maritime,Golfe,Golfe 3,Bè-Ouest,Laboratoire de CNTS Lome,Public,1974,"{Lundi,Mardi,Mercredi,Jeudi,Vendredi,Samedi}",POINT (1.217705743954188 6.1595127590083125)
_mview_sant_laboratoires_analyses.fid-2a24adac_19adf174350_75b6,Maritime,Golfe,Golfe 4,Amoutivé,Laboratoire Centre de Sante Amoutive,Public,Nsp,"{Lundi,Mardi,Mercredi,Jeudi,Vendredi,Samedi,Dimanche}",POINT (1.2298709672459445 6.140076048653532)
_mview_sant_laboratoires_analyses.fid-2a24adac_19adf174350_75b7,Maritime,Golfe,Golfe 1,Bè-Est,Laboratoire Cs Atamos Ronier de L'arcan,Prive,2021,"{Lundi,Mardi,Mercredi,Jeudi,Vendredi,Samedi,Dimanche}",POINT (1.2679520069265073 6.245465762706912)
_mview_sant_laboratoires_analyses.fid-2a24adac_19adf174350_75b8,Maritime,Golfe,Golfe 4,Amoutivé,Laboratoire Centre de Sante de Kodjoviakope,Public,1986,"{Lundi,Mardi,Mercredi,Jeudi,Vendredi,Samedi,Dimanche}",POINT (1.2059857963520455 6.116855936748145)
_mview_sant_laboratoires_analyses.fid-2a24adac_19adf174350_75b9,Maritime,Golfe,Golfe 2,Bè-Centre,Cs Jae-hyun Laboratoire,Prive,2008,"{Lundi,Mardi,Mercredi,Jeudi,Vendredi}",POINT (1.252016843540959 6.197871473207595)
_mview_sant_laboratoires_analyses.fid-2a24adac_19adf174350_75ba,Maritime,Golfe,Golfe 4,Amoutivé,Laboratoire du Centre de Sante de Lome Wetrivi Kondji,Public,Nsp,"{Vendredi,Jeudi,Mercredi,Mardi,Lundi}",POINT (1.2206208848507445 6.13543100146393)
_mview_sant_laboratoires_analyses.fid-2a24adac_19adf174350_75bb,Maritime,Golfe,Golfe 2,Bè-Centre,Laboratoire du Centre de Sante Mental Paul Louis Renee,Prive,2014,"{Lundi,Mardi,Mercredi,Jeudi,Vendredi,Samedi}",POINT (1.2487167612176888 6.203540678434199)
_mview_sant_laboratoires_analyses.fid-2a24adac_19adf174350_75bc,Maritime,Golfe,Golfe 3,Bè-Ouest,Laboratoire Centre de Sante Nde,Confessionnel,2012,"{Lundi,Mardi,Mercredi,Jeudi,Vendredi,Samedi}",POINT (1.2110927360115042 6.148601561200186)
_mview_sant_laboratoires_analyses.fid-2a24adac_19adf174350_75bd,Maritime,Golfe,Golfe 6,Baguida,Laboratoire du Centre Medical Saint Paul Apotre,Public,2019,"{Lundi,Mardi,Vendredi}",POINT (1.3758954864363653 6.183389624069102)
_mview_sant_laboratoires_analyses.fid-2a24adac_19adf174350_75be,Maritime,Golfe,Golfe 5,Aflao-Gakli,Laboratoire d'analyse du Centre de Soins de Santé Musa-cstt,autre,Nsp,"{Vendredi,Mercredi,Jeudi,Lundi}",POINT (1.197095702377085 6.178132899861131)
_mview_sant_laboratoires_analyses.fid-2a24adac_19adf174350_75bf,Maritime,Agoè-Nyivé,Agoè-Nyivé 2,Légbassito,Laboratoire du Centre des Soins Medicaux la Providence,Prive,2017,"{Lundi,Mardi,Mercredi,Jeudi,Vendredi,Samedi,Dimanche}",POINT (1.1599064308464644 6.266606248449588)
_mview_sant_laboratoires_analyses.fid-2a24adac_19adf174350_75c0,Maritime,Agoè-Nyivé,Agoè-Nyivé 1,Agoè-Nyivé,Laboratoire Centre Esperance Loyola,Prive,2007,"{Lundi,Mardi,Mercredi,Jeudi,Vendredi}",POINT (1.1869677177719236 6.243756580271899)
_mview_sant_laboratoires_analyses.fid-2a24adac_19adf174350_75c1,Maritime,Golfe,Golfe 3,Bè-Ouest,Laboratoire Chal,Public,Nsp,"{Lundi,Mardi,Mercredi,Jeudi,Vendredi,Samedi,Dimanche}",POINT (1.2235915128652182 6.146883507894107)
_mview_sant_laboratoires_analyses.fid-2a24adac_19adf174350_75c2,Maritime,Golfe,Golfe 5,Aflao-Gakli,Laboratoire d'analyse du Centre Médical Misericordia,ONG,2017,"{Lundi,Mardi,Mercredi,Jeudi,Vendredi}",POINT (1.2003967034002736 6.191608207968114)
_mview_sant_laboratoires_analyses.fid-2a24adac_19adf174350_75c3,Maritime,Golfe,Golfe 2,Bè-Centre,Centre Medico Chirurgical Rocher de Grace Laboratoire,Prive,2019,"{Lundi,Mardi,Mercredi,Jeudi,Vendredi}",POINT (1.2465497935892431 6.179790580997009)
_mview_sant_laboratoires_analyses.fid-2a24adac_19adf174350_75c4,Maritime,Golfe,Golfe 6,Baguida,Laboratoire de Clinique Medico Chirurgicale le Safra,Public,Nsp,"{Lundi,Mardi,Mercredi,Jeudi,Vendredi,Samedi}",POINT (1.3288300028323643 6.173295191478629)
_mview_sant_laboratoires_analyses.fid-2a24adac_19adf174350_75c5,Maritime,Golfe,Golfe 2,Bè-Centre,Laboratoire du CMS Baume de Galaad A7,ONG,2019,"{Lundi,Mardi,Mercredi,Jeudi,Vendredi,Samedi}",POINT (1.2412575731714421 6.15028019454551)
_mview_sant_laboratoires_analyses.fid-2a24adac_19adf174350_75c6,Maritime,Golfe,Golfe 3,Bè-Ouest,Laboratoire d'analyse du Cnrsd,Public,2018,"{Lundi,Mardi,Mercredi,Jeudi,Vendredi}",POINT (1.2142423961032542 6.18111189990235)
_mview_sant_laboratoires_analyses.fid-2a24adac_19adf174350_75c7,Maritime,Zio,Zio 1,Davié,Laboratoire du CMS Davie,Public,2013,"{Lundi,Mardi,Mercredi,Jeudi,Vendredi}",POINT (1.1997726382039045 6.3902199768231265)
_mview_sant_laboratoires_analyses.fid-2a24adac_19adf174350_75c8,Maritime,Golfe,Golfe 5,Aflao-Gakli,Laboratoire d'analyse du Centre Médico-social Eben-ezr,Prive,Nsp,"{Lundi,Mardi,Mercredi,Jeudi,Vendredi,Samedi}",POINT (1.1962431470621164 6.184969695766452)
_mview_sant_laboratoires_analyses.fid-2a24adac_19adf174350_75c9,Maritime,Golfe,Golfe 6,Baguida,Laboratoire d'Analyses de Centre Medico Social de Ere Nouvelle,Prive,Nsp,Nsp,POINT (1.3042611692336223 6.17028932611012)
_mview_sant_laboratoires_analyses.fid-2a24adac_19adf174350_75ca,Maritime,Golfe,Golfe 6,Baguida,Laboratoire du Centre Medico Social Jireh,Prive,Nsp,"{Lundi,Mardi,Mercredi,Jeudi,Vendredi,Samedi}",POINT (1.376263696000774 6.180503220538754)
_mview_sant_laboratoires_analyses.fid-2a24adac_19adf174350_75cb,Maritime,Golfe,Golfe 7,Aflao-Sagbado,Laboratoire du CMS Merciful,Prive,Nsp,"{Lundi,Mardi,Mercredi,Jeudi,Vendredi,Samedi}",POINT (1.1511661230832642 6.185950013494369)
_mview_sant_laboratoires_analyses.fid-2a24adac_19adf174350_75cc,Maritime,Golfe,Golfe 4,Amoutivé,Laboratoire Hématologie,Public,Nsp,"{Lundi,Mercredi,Mardi,Jeudi,Vendredi,Samedi,Dimanche}",POINT (1.2079344459731034 6.1444004126202385)
_mview_sant_laboratoires_analyses.fid-2a24adac_19adf174350_75cd,Maritime,Avé,Avé 1,Assahoun,Laboratoire du CHP Assahoun,Public,2014,"{Samedi,Vendredi,Jeudi,Mercredi,Lundi,Mardi}",POINT (0.9112773753262823 6.454471037629222)
_mview_sant_laboratoires_analyses.fid-2a24adac_19adf174350_75ce,Maritime,Agoè-Nyivé,Agoè-Nyivé 4,Togblekope,Laboratoire du Clinique Avicenne,Prive,2019,"{Lundi,Mardi,Mercredi,Jeudi,Vendredi}",POINT (1.2153781713372445 6.2544739835646075)
_mview_sant_laboratoires_analyses.fid-2a24adac_19adf174350_75cf,Maritime,Yoto,Yoto 1,Tabligbo,Laboratoire du CHP Tabligbo,Public,Nsp,"{Vendredi,Jeudi,Mercredi,Mardi,Lundi}",POINT (1.5064927854796146 6.603628609992308)
_mview_sant_laboratoires_analyses.fid-2a24adac_19adf174350_75d0,Maritime,Agoè-Nyivé,Agoè-Nyivé 1,Agoè-Nyivé,Laboratoire du Clinique Avosanto,Prive,2011,"{Lundi,Mardi,Mercredi,Jeudi,Vendredi,Samedi}",POINT (1.2060088821071808 6.237901432059763)
_mview_sant_laboratoires_analyses.fid-2a24adac_19adf174350_75d1,Maritime,Vo,Vo 1,Vogan,Laboratoire du CHP de Vogan,Public,Nsp,"{Dimanche,Samedi,Vendredi,Jeudi,Mercredi,Mardi,Lundi}",POINT (1.5241521989919948 6.347619838452567)
_mview_sant_laboratoires_analyses.fid-2a24adac_19adf174350_75d2,Maritime,Golfe,Golfe 1,Bè-Est,Laboratoire Clinique Barruet,Prive,Nsp,"{Lundi,Mardi,Mercredi,Jeudi,Vendredi,Samedi}",POINT (1.2530762635398194 6.149888124927959)
_mview_sant_laboratoires_analyses.fid-2a24adac_19adf174350_75d3,Maritime,Golfe,Golfe 3,Bè-Ouest,Laboratoire du CHR Lome Commune,Public,2010,"{Lundi,Mardi,Mercredi,Jeudi,Vendredi,Samedi,Dimanche}",POINT (1.236474072550091 6.191485117885595)
_mview_sant_laboratoires_analyses.fid-2a24adac_19adf174350_75d4,Maritime,Zio,Zio 1,Tsévié,Laboratoire CHR Tsevie,Public,1982,"{Lundi,Mardi,Mercredi,Jeudi,Vendredi,Samedi,Dimanche}",POINT (1.2230006649481615 6.431530374373001)
_mview_sant_laboratoires_analyses.fid-2a24adac_19adf174350_75d5,Maritime,Zio,Zio 1,Tsévié,Laboratoire du CHR de Tsevie,Public,Nsp,"{Lundi,Mardi,Mercredi,Jeudi,Vendredi,Samedi,Dimanche}",POINT (1.2231938498074244 6.431621761246582)
_mview_sant_laboratoires_analyses.fid-2a24adac_19adf174350_75d6,Maritime,Zio,Zio 1,Tsévié,Laboratoire du CHR de Tsévié,Public,Nsp,"{Dimanche,Samedi,Vendredi,Jeudi,Mercredi,Mardi,Lundi}",POINT (1.2231895917893647 6.431516215686013)
_mview_sant_laboratoires_analyses.fid-2a24adac_19adf174350_75d7,Maritime,Golfe,Golfe 3,Bè-Ouest,Laboratoire du Chu Campus,Public,1987,"{Lundi,Mardi,Mercredi,Jeudi,Vendredi,Samedi,Dimanche}",POINT (1.2124441916545206 6.179953737698224)
_mview_sant_laboratoires_analyses.fid-2a24adac_19adf174350_75d8,Maritime,Golfe,Golfe 4,Amoutivé,Laboratoire du Chu Sylvanus Olympio,Public,Nsp,"{Lundi,Mardi,Mercredi,Jeudi,Vendredi,Samedi,Dimanche}",POINT (1.2080730189875515 6.144415062628342)
_mview_sant_laboratoires_analyses.fid-2a24adac_19adf174350_75d9,Maritime,Golfe,Golfe 1,Bè-Est,Laboratoire du CMS Port Autonome de Lome,Public,Nsp,"{Lundi,Mardi,Mercredi,Jeudi,Vendredi}",POINT (1.277858252451545 6.141011016049364)
_mview_sant_laboratoires_analyses.fid-2a24adac_19adf174350_75da,Maritime,Golfe,Golfe 4,Amoutivé,Laboratoire Chu Sylvanus Olympio,Public,Nsp,"{Lundi,Mardi,Mercredi,Jeudi,Samedi,Vendredi,Dimanche}",POINT (1.2074906352450523 6.1445138228660126)
_mview_sant_laboratoires_analyses.fid-2a24adac_19adf174350_75db,Maritime,Golfe,Golfe 4,Amoutivé,CNR VIH/PNLS,Public,Nsp,"{Lundi,Mardi,Mercredi,Jeudi,Samedi,Vendredi}",POINT (1.2080253506596728 6.144315212629739)
_mview_sant_laboratoires_analyses.fid-2a24adac_19adf174350_75dc,Maritime,Golfe,Golfe 4,Amoutivé,Laboratoire d'anatomie Cyto Pathologique,Public,1970,"{Lundi,Mardi,Mercredi,Jeudi,Vendredi}",POINT (1.2071490527848685 6.145854246704163)
_mview_sant_laboratoires_analyses.fid-2a24adac_19adf174350_75dd,Maritime,Golfe,Golfe 4,Amoutivé,Laboratoire Histologie Ambriologie de Chu Sylvanus Olympio,Public,Nsp,"{Lundi,Mardi,Mercredi,Jeudi,Vendredi}",POINT (1.2081254185709747 6.145077921379672)
_mview_sant_laboratoires_analyses.fid-2a24adac_19adf174350_75de,Maritime,Agoè-Nyivé,Agoè-Nyivé 1,Agoè-Nyivé,Laboratoire Clinique ATBEF,Prive,2020,"{Lundi,Mardi,Mercredi,Jeudi,Vendredi}",POINT (1.1805408023096595 6.216056456224382)
_mview_sant_laboratoires_analyses.fid-2a24adac_19adf174350_75df,Maritime,Golfe,Golfe 1,Bè-Est,Laboratoire de la Clinique Bel Air,Prive,2004,"{Lundi,Mardi,Mercredi,Jeudi,Vendredi,Samedi}",POINT (1.2416493630913847 6.13296396302264)
_mview_sant_laboratoires_analyses.fid-2a24adac_19adf174350_75e0,Maritime,Golfe,Golfe 4,Amoutivé,Laboratoire de la Clinique Biasa,Prive,2005,"{Lundi,Mardi,Mercredi,Jeudi,Vendredi,Samedi,Dimanche}",POINT (1.213513144564443 6.133806991200312)
_mview_sant_laboratoires_analyses.fid-2a24adac_19adf174350_75e1,Maritime,Golfe,Golfe 4,Amoutivé,Laboratoire de la Clinique Biasa,Prive,2015,"{Lundi,Mardi,Mercredi,Jeudi,Vendredi,Samedi,Dimanche}",POINT (1.2135809191099638 6.133873365380571)
_mview_sant_laboratoires_analyses.fid-2a24adac_19adf174350_75e2,Maritime,Golfe,Golfe 3,Bè-Ouest,Laboratoire Clinique Bon Pasteur,Prive,Nsp,"{Lundi,Mardi,Mercredi,Jeudi,Vendredi}",POINT (1.2035250423355213 6.170336195363628)
_mview_sant_laboratoires_analyses.fid-2a24adac_19adf174350_75e3,Maritime,Agoè-Nyivé,Agoè-Nyivé 1,Agoè-Nyivé,Laboratoire D'analyse Biomédicale,Prive,2017,"{Lundi,Mardi,Jeudi,Mercredi,Vendredi,Samedi}",POINT (1.1889615539568672 6.217726532890205)
_mview_sant_laboratoires_analyses.fid-2a24adac_19adf174350_75e4,Maritime,Golfe,Golfe 7,Aflao-Sagbado,Laboratoire CMS Salut et Vie EPT,Prive,2010,"{Lundi,Mardi,Mercredi,Jeudi,Vendredi}",POINT (1.1525806206313998 6.17976839917927)
_mview_sant_laboratoires_analyses.fid-2a24adac_19adf174350_75e5,Maritime,Golfe,Golfe 6,Baguida,Laboratoire de Clinique de L Atmantique,Prive,Nsp,"{Lundi,Mardi,Mercredi,Jeudi,Vendredi,Samedi}",POINT (1.3363074297697577 6.166917469622128)
_mview_sant_laboratoires_analyses.fid-2a24adac_19adf174350_75e6,Maritime,Golfe,Golfe 4,Amoutivé,Laboratoire Cliniques des etoiles,Prive,Nsp,"{Lundi,Mardi,Mercredi,Jeudi,Vendredi,Samedi}",POINT (1.2252097085853402 6.133735418764129)
_mview_sant_laboratoires_analyses.fid-2a24adac_19adf174350_75e7,Maritime,Agoè-Nyivé,Agoè-Nyivé 1,Agoè-Nyivé,Laboratoire Clinique des Graces,Prive,2022,"{Lundi,Mardi,Mercredi,Jeudi,Vendredi,Samedi}",POINT (1.2011452563107776 6.242236064419985)
_mview_sant_laboratoires_analyses.fid-2a24adac_19adf174350_75e8,Maritime,Agoè-Nyivé,Agoè-Nyivé 1,Agoè-Nyivé,Laboratoire du Clinique des Moineaux,Prive,2019,"{Samedi,Vendredi,Jeudi,Mercredi,Mardi,Lundi}",POINT (1.2336886400065286 6.212124804286541)
_mview_sant_laboratoires_analyses.fid-2a24adac_19adf174350_75e9,Maritime,Golfe,Golfe 5,Aflao-Gakli,Laboratoire de la Clinique du Centre,Prive,Nsp,"{Vendredi,Jeudi,Mercredi,Mardi,Lundi,Samedi,Dimanche}",POINT (1.1988050358236244 6.180434213119415)
_mview_sant_laboratoires_analyses.fid-2a24adac_19adf174350_75ea,Maritime,Golfe,Golfe 7,Aflao-Sagbado,Laboratoire,Prive,2021,"{Lundi,Mardi,Mercredi,Jeudi,Vendredi,Samedi}",POINT (1.1498977657565328 6.196652048104255)
_mview_sant_laboratoires_analyses.fid-2a24adac_19adf174350_75eb,Maritime,Golfe,Golfe 5,Aflao-Gakli,Laboratoire Clinique El Elyon Sante,Prive,Nsp,"{Vendredi,Jeudi,Mercredi,Mardi,Lundi}",POINT (1.1615113810022544 6.195701573451228)
_mview_sant_laboratoires_analyses.fid-2a24adac_19adf174350_75ec,Maritime,Golfe,Golfe 7,Aflao-Sagbado,Laboratoire de la Clinique Esperendieu,Prive,Nsp,"{Lundi,Mardi,Mercredi,Jeudi,Vendredi}",POINT (1.1300604426797998 6.204827708385509)
_mview_sant_laboratoires_analyses.fid-2a24adac_19adf174350_75ed,Maritime,Agoè-Nyivé,Agoè-Nyivé 1,Agoè-Nyivé,Laboratoire du Clinique Fadel,Prive,2016,"{Lundi,Samedi,Vendredi,Jeudi,Mercredi}",POINT (1.175464647699981 6.228406452324203)
_mview_sant_laboratoires_analyses.fid-2a24adac_19adf174350_75ee,Maritime,Golfe,Golfe 2,Bè-Centre,Laboratoire Clinique Fafa,Prive,Nsp,"{Lundi,Mardi,Jeudi,Mercredi,Vendredi,Samedi,Dimanche}",POINT (1.264934388351538 6.197867874268558)
_mview_sant_laboratoires_analyses.fid-2a24adac_19adf174350_75ef,Maritime,Agoè-Nyivé,Agoè-Nyivé 1,Agoè-Nyivé,Laboratoire du CMS Fidel Castro,Prive,2015,"{Lundi,Mardi,Mercredi,Jeudi,Vendredi,Samedi}",POINT (1.20248353912947 6.249794327194422)
_mview_sant_laboratoires_analyses.fid-2a24adac_19adf174350_75f0,Maritime,Agoè-Nyivé,Agoè-Nyivé 1,Agoè-Nyivé,Laboratoire d'analyse,Prive,Nsp,"{Lundi,Mardi,Mercredi,Jeudi,Vendredi,Samedi,Dimanche}",POINT (1.1635170116622626 6.238805826053425)
_mview_sant_laboratoires_analyses.fid-2a24adac_19adf174350_75f1,Maritime,Golfe,Golfe 5,Aflao-Gakli,Laboratoire d'analyse du Clinique Internationale Dr. Kodom,Prive,2007,"{Lundi,Mardi,Mercredi,Jeudi,Vendredi,Samedi}",POINT (1.1977466952640496 6.170512902738807)
_mview_sant_laboratoires_analyses.fid-2a24adac_19adf174350_75f2,Maritime,Golfe,Golfe 5,Aflao-Gakli,Laboratoire d'analyse Médicale de la Clinique Isis,Prive,Nsp,"{Lundi,Mardi,Mercredi,Jeudi,Vendredi,Samedi}",POINT (1.1623117140093202 6.196861548923245)
_mview_sant_laboratoires_analyses.fid-2a24adac_19adf174350_75f3,Maritime,Golfe,Golfe 4,Amoutivé,Laboratoire Clinique Jade Pour la Vie,Prive,2005,"{Lundi,Mardi,Mercredi,Jeudi,Vendredi}",POINT (1.209647937436067 6.136624636680664)
_mview_sant_laboratoires_analyses.fid-2a24adac_19adf174350_75f4,Maritime,Agoè-Nyivé,Agoè-Nyivé 1,Agoè-Nyivé,Laboratoire Clinique Kom-ombo,Prive,Nsp,"{Lundi,Mardi,Mercredi,Jeudi,Vendredi,Samedi}",POINT (1.1959883397679665 6.2330710769768265)
_mview_sant_laboratoires_analyses.fid-2a24adac_19adf174350_75f5,Maritime,Agoè-Nyivé,Agoè-Nyivé 1,Agoè-Nyivé,Laboratoire du Clinique la Barakat,Prive,2014,"{Samedi,Vendredi,Jeudi,Mercredi,Mardi,Lundi,Dimanche}",POINT (1.1836102647025704 6.238934626545304)
_mview_sant_laboratoires_analyses.fid-2a24adac_19adf174350_75f6,Maritime,Agoè-Nyivé,Agoè-Nyivé 1,Agoè-Nyivé,Laboratoire Clinique la Barakat,Prive,2014,"{Lundi,Mardi,Mercredi,Jeudi,Vendredi,Samedi,Dimanche}",POINT (1.1836890064153316 6.238968517163924)
_mview_sant_laboratoires_analyses.fid-2a24adac_19adf174350_75f7,Maritime,Agoè-Nyivé,Agoè-Nyivé 1,Agoè-Nyivé,Laboratoire Clinique la Bonté,Prive,Nsp,"{Lundi,Mardi,Mercredi,Jeudi,Vendredi,Samedi}",POINT (1.200889028295681 6.199584131011463)
_mview_sant_laboratoires_analyses.fid-2a24adac_19adf174350_75f8,Maritime,Golfe,Golfe 5,Aflao-Gakli,Laboratoire d'analyse du Clinique la Providence,Prive,2006,"{Lundi,Mardi,Mercredi,Jeudi,Vendredi,Samedi}",POINT (1.1892234665846084 6.205104406132465)
_mview_sant_laboratoires_analyses.fid-2a24adac_19adf174350_75f9,Maritime,Golfe,Golfe 1,Bè-Est,Laboratoire de la Clinique la Providence Mawunyo,Prive,2015,"{Lundi,Mardi,Mercredi,Jeudi,Vendredi,Samedi}",POINT (1.2398399638226312 6.144353728388991)
_mview_sant_laboratoires_analyses.fid-2a24adac_19adf174350_75fa,Maritime,Golfe,Golfe 7,Aflao-Sagbado,Laboratoire de Clinique la Sérénité,Prive,Nsp,"{Lundi,Mardi,Mercredi,Jeudi,Vendredi,Samedi}",POINT (1.1128234912237878 6.19516960218455)
_mview_sant_laboratoires_analyses.fid-2a24adac_19adf174350_75fb,Maritime,Golfe,Golfe 5,Aflao-Gakli,Laboratoire Clinique le Bien etre,Prive,1998,"{Lundi,Mardi,Mercredi,Jeudi,Vendredi,Samedi}",POINT (1.16203296573154 6.188094587698217)
_mview_sant_laboratoires_analyses.fid-2a24adac_19adf174350_75fc,Maritime,Agoè-Nyivé,Agoè-Nyivé 1,Agoè-Nyivé,Laboratoire Clinique le Peuplier,Prive,Nsp,"{Lundi,Mardi,Mercredi,Jeudi,Vendredi,Samedi,Dimanche}",POINT (1.185478711345058 6.228074573672758)
_mview_sant_laboratoires_analyses.fid-2a24adac_19adf174350_75fd,Maritime,Golfe,Golfe 2,Bè-Centre,Clinique Polyvalente de L'esperance Laboratoire,Prive,Nsp,"{Lundi,Mardi,Mercredi,Jeudi,Vendredi,Samedi}",POINT (1.2409911914988903 6.186660986696219)
_mview_sant_laboratoires_analyses.fid-2a24adac_19adf174350_75fe,Maritime,Golfe,Golfe 3,Bè-Ouest,Laboratoire de la Clinique,Prive,2003,"{Lundi,Mardi,Mercredi,Jeudi,Vendredi,Samedi}",POINT (1.22110861428694 6.164995838691637)
_mview_sant_laboratoires_analyses.fid-2a24adac_19adf174350_75ff,Maritime,Golfe,Golfe 3,Bè-Ouest,Laboratoire du Clinique les Anges,Prive,Nsp,"{Lundi,Mardi,Mercredi,Jeudi,Vendredi,Samedi,Dimanche}",POINT (1.212374299012379 6.1488709221636695)
_mview_sant_laboratoires_analyses.fid-2a24adac_19adf174350_7600,Maritime,Golfe,Golfe 7,Aflao-Sagbado,Laboratoire du Clinique les Marrons,Prive,2018,"{Lundi,Mardi,Mercredi,Jeudi,Vendredi,Samedi,Dimanche}",POINT (1.1383713520680565 6.203147170109896)
_mview_sant_laboratoires_analyses.fid-2a24adac_19adf174350_7601,Maritime,Golfe,Golfe 5,Aflao-Gakli,Laboratoire Clinique Mandela Madiba,Prive,Nsp,"{Lundi,Mardi,Mercredi,Jeudi,Vendredi,Samedi}",POINT (1.1486127072729226 6.2036485580250105)
_mview_sant_laboratoires_analyses.fid-2a24adac_19adf174350_7602,Maritime,Golfe,Golfe 4,Amoutivé,Laboratoire Cma Sapeurs Pompiers,Public,2018,"{Lundi,Mardi,Mercredi,Jeudi,Vendredi,Samedi}",POINT (1.2104055617183656 6.127446718871079)
_mview_sant_laboratoires_analyses.fid-2a24adac_19adf174350_7603,Maritime,Golfe,Golfe 5,Aflao-Gakli,Laboratoire du Clinique Martin Luther King,Prive,Nsp,"{Lundi,Mardi,Mercredi,Jeudi,Vendredi,Samedi}",POINT (1.2069173391208539 6.189565766508186)
_mview_sant_laboratoires_analyses.fid-2a24adac_19adf174350_7604,Maritime,Golfe,Golfe 5,Aflao-Gakli,Laboratoire d'analyse du Clinique Médico Chirurgicale Mawubedzro,Prive,2001,"{Lundi,Mardi,Mercredi,Jeudi,Vendredi,Samedi}",POINT (1.2009264692437367 6.173155702361989)
_mview_sant_laboratoires_analyses.fid-2a24adac_19adf174350_7605,Maritime,Agoè-Nyivé,Agoè-Nyivé 1,Agoè-Nyivé,Laboratoire ONG Clinique Millenium Friend,Prive,2018,"{Lundi,Mardi,Mercredi,Jeudi,Vendredi,Samedi}",POINT (1.2199297580308839 6.2212218100467)
_mview_sant_laboratoires_analyses.fid-2a24adac_19adf174350_7606,Maritime,Golfe,Golfe 5,Aflao-Gakli,Laboratoire du Clinique Medicale la Victoire,Prive,Nsp,"{Dimanche,Samedi,Vendredi,Jeudi,Mercredi,Mardi,Lundi}",POINT (1.1953951324393244 6.187648535613888)
_mview_sant_laboratoires_analyses.fid-2a24adac_19adf174350_7607,Maritime,Agoè-Nyivé,Agoè-Nyivé 1,Agoè-Nyivé,Laboratoire Clinique Medico-chiruricale Espoir Bethel,Prive,Nsp,"{Lundi,Mardi,Samedi,Jeudi,Mercredi,Vendredi}",POINT (1.1852807782106927 6.222172515561285)
_mview_sant_laboratoires_analyses.fid-2a24adac_19adf174350_7608,Maritime,Agoè-Nyivé,Agoè-Nyivé 4,Togblekope,Laboratoire du Clinique Medico Psychiatrique de Lome,Prive,2020,"{Lundi,Mardi,Mercredi,Jeudi,Vendredi,Samedi}",POINT (1.2072541642687402 6.260669580573706)
_mview_sant_laboratoires_analyses.fid-2a24adac_19adf174350_7609,Maritime,Golfe,Golfe 1,Bè-Est,Laboratoire de la Clinique Medico Chirurgicale la Confiance,Prive,1997,"{Lundi,Mardi,Mercredi,Jeudi,Vendredi}",POINT (1.2357289794304365 6.139080474344042)
_mview_sant_laboratoires_analyses.fid-2a24adac_19adf174350_760a,Maritime,Golfe,Golfe 5,Aflao-Gakli,Laboratoire Clinique Mere et Enfant L'etoile,Prive,Nsp,"{Lundi,Mardi,Mercredi,Jeudi,Vendredi,Samedi}",POINT (1.199039062318584 6.184399530775974)
_mview_sant_laboratoires_analyses.fid-2a24adac_19adf174350_760b,Maritime,Zio,Zio 1,Tsévié,Laboratoire de Clinique Millenium,Prive,Nsp,"{Lundi,Mardi,Mercredi,Jeudi,Vendredi,Samedi,Dimanche}",POINT (1.2123468372213577 6.414945249387405)
_mview_sant_laboratoires_analyses.fid-2a24adac_19adf174350_760c,Maritime,Golfe,Golfe 3,Bè-Ouest,Laboratoire de la Clinique Principale Atbef,Prive,1974,"{Lundi,Mardi,Mercredi,Jeudi,Vendredi}",POINT (1.2226542363140165 6.15605427058045)
_mview_sant_laboratoires_analyses.fid-2a24adac_19adf174350_760d,Maritime,Golfe,Golfe 3,Bè-Ouest,Laboratoire de la Clinique Mon Berger,Prive,2020,"{Lundi,Mardi,Mercredi,Jeudi,Vendredi}",POINT (1.2104902215018472 6.158640878680772)
_mview_sant_laboratoires_analyses.fid-2a24adac_19adf174350_760e,Maritime,Golfe,Golfe 4,Amoutivé,Laboratoire du Clinique Mont Carmel,Prive,Nsp,Nsp,POINT (1.2054909092519557 6.131944292378123)
_mview_sant_laboratoires_analyses.fid-2a24adac_19adf174350_760f,Maritime,Yoto,Yoto 1,Tabligbo,Laboratoire de la Clinique Mont des Oliviers,Prive,2014,"{Lundi,Mardi,Mercredi,Jeudi,Vendredi,Samedi}",POINT (1.504593278698441 6.594505213695784)
_mview_sant_laboratoires_analyses.fid-2a24adac_19adf174350_7610,Maritime,Golfe,Golfe 4,Amoutivé,Laboratoire d'analyse du Clinique Myoren,Prive,2010,"{Lundi,Mardi,Mercredi,Jeudi,Vendredi}",POINT (1.2020733502059466 6.147853790640431)
_mview_sant_laboratoires_analyses.fid-2a24adac_19adf174350_7611,Maritime,Agoè-Nyivé,Agoè-Nyivé 4,Togblekope,Laboratoire du Clinique Myra,Prive,2021,"{Lundi,Mardi,Mercredi,Jeudi,Vendredi,Samedi}",POINT (1.2104358709516985 6.270414780879274)
_mview_sant_laboratoires_analyses.fid-2a24adac_19adf174350_7612,Maritime,Golfe,Golfe 3,Bè-Ouest,Laboratoire Clinique Nathanael,Prive,2019,"{Vendredi,Jeudi,Mardi,Mercredi,Lundi,Samedi}",POINT (1.204601775388048 6.153923320747603)
_mview_sant_laboratoires_analyses.fid-2a24adac_19adf174350_7613,Maritime,Golfe,Golfe 1,Bè-Est,Laboratoire d'Analyses de CMS Notre Dame le la Misericorde,Prive,Nsp,"{Lundi,Mardi,Mercredi,Jeudi,Vendredi,Samedi,Dimanche}",POINT (1.2619794254886547 6.163459197466088)
_mview_sant_laboratoires_analyses.fid-2a24adac_19adf174350_7614,Maritime,Golfe,Golfe 2,Bè-Centre,Clinique Nocissi Laboratoire,Prive,2018,"{Lundi,Mardi,Mercredi,Jeudi,Vendredi}",POINT (1.2535814769724565 6.177519199059804)
_mview_sant_laboratoires_analyses.fid-2a24adac_19adf174350_7615,Maritime,Golfe,Golfe 1,Bè-Est,Laboratoire Medical du Clinique Obstetricale la Vie,Prive,2017,"{Vendredi,Jeudi,Mercredi,Mardi,Lundi}",POINT (1.2879536007657328 6.1631811153323355)
_mview_sant_laboratoires_analyses.fid-2a24adac_19adf174350_7616,Maritime,Yoto,Yoto 3,Tokpli,Laboratoire de la Clinique,Prive,2016,"{Lundi,Mardi,Mercredi,Jeudi,Vendredi,Samedi}",POINT (1.5676282929965384 6.624964813955484)
_mview_sant_laboratoires_analyses.fid-2a24adac_19adf174350_7617,Maritime,Agoè-Nyivé,Agoè-Nyivé 1,Agoè-Nyivé,Laboratoire du Clinique Picardie Togo,Prive,2004,"{Samedi,Vendredi,Jeudi,Mercredi,Mardi,Lundi}",POINT (1.2089869207368937 6.238509735849323)
_mview_sant_laboratoires_analyses.fid-2a24adac_19adf174350_7618,Maritime,Agoè-Nyivé,Agoè-Nyivé 1,Agoè-Nyivé,Laboratoire du Clinique Polyvalente Soins Pour Tous,Prive,2014,"{Lundi,Mardi,Mercredi,Jeudi,Vendredi,Samedi}",POINT (1.202929046603197 6.217282508586344)
_mview_sant_laboratoires_analyses.fid-2a24adac_19adf174350_7619,Maritime,Golfe,Golfe 6,Baguida,Laboratoire Rabbouni,Prive,2016,"{Lundi,Mardi,Mercredi,Jeudi,Vendredi,Samedi,Dimanche}",POINT (1.3446015619308214 6.170437346029507)
_mview_sant_laboratoires_analyses.fid-2a24adac_19adf174350_761a,Maritime,Agoè-Nyivé,Agoè-Nyivé 3,Vakpossito,Laboratoire Clinique Medicale Saint Alfred,Prive,2008,"{Samedi,Vendredi,Jeudi,Mercredi,Mardi,Lundi}",POINT (1.1727476510595685 6.217509975679673)
_mview_sant_laboratoires_analyses.fid-2a24adac_19adf174350_761b,Maritime,Golfe,Golfe 2,Bè-Centre,Laboratoire de la Clinique Saint Bernard Und,Prive,Nsp,"{Lundi,Mardi,Mercredi,Jeudi,Vendredi,Samedi}",POINT (1.2454386459226687 6.168868337870092)
_mview_sant_laboratoires_analyses.fid-2a24adac_19adf174350_761c,Maritime,Agoè-Nyivé,Agoè-Nyivé 1,Agoè-Nyivé,Laboratoire Clinique Saint-paul la Reference,Prive,2019,"{Lundi,Mardi,Mercredi,Jeudi,Vendredi,Samedi}",POINT (1.1766906177103242 6.235135270788298)
_mview_sant_laboratoires_analyses.fid-2a24adac_19adf174350_761d,Maritime,Agoè-Nyivé,Agoè-Nyivé 1,Agoè-Nyivé,Laboratoire Clinique Sainte Catherine,Prive,2020,"{Lundi,Mardi,Mercredi,Jeudi,Vendredi,Samedi}",POINT (1.1831050293553067 6.245063324302777)
_mview_sant_laboratoires_analyses.fid-2a24adac_19adf174350_761e,Maritime,Agoè-Nyivé,Agoè-Nyivé 3,Vakpossito,Laboratoire CMS Adesapo,Prive,2020,"{Lundi,Mardi,Mercredi,Jeudi,Vendredi}",POINT (1.1617674032358603 6.219401430607555)
_mview_sant_laboratoires_analyses.fid-2a24adac_19adf174350_761f,Maritime,Golfe,Golfe 4,Amoutivé,Laboratoire Clinique Ste Helene,Prive,Nsp,"{Lundi,Mardi,Mercredi,Jeudi,Vendredi,Samedi}",POINT (1.2269895907691462 6.137620512961335)
_mview_sant_laboratoires_analyses.fid-2a24adac_19adf174350_7620,Maritime,Agoè-Nyivé,Agoè-Nyivé 4,Togblekope,Laboratoire du Clinique Saint Francois Premier,Prive,2020,"{Lundi,Mardi,Mercredi,Jeudi,Vendredi,Samedi}",POINT (1.2128739446056602 6.256501597422693)
_mview_sant_laboratoires_analyses.fid-2a24adac_19adf174350_7621,Maritime,Golfe,Golfe 2,Bè-Centre,Clinique Sante Pour Tous Laboratoire,Prive,2013,"{Lundi,Mardi,Mercredi,Jeudi,Vendredi,Samedi}",POINT (1.240560629193327 6.196775750257833)
_mview_sant_laboratoires_analyses.fid-2a24adac_19adf174350_7622,Maritime,Golfe,Golfe 6,Baguida,Laboratoire de la Clinique Shilo,Prive,2016,"{Lundi,Mardi,Mercredi,Jeudi,Vendredi,Samedi}",POINT (1.358732155527342 6.18673945230724)
_mview_sant_laboratoires_analyses.fid-2a24adac_19adf174350_7623,Maritime,Golfe,Golfe 1,Bè-Est,Laboratoire de la Clinique Source et Vie,Prive,2019,"{Lundi,Mardi,Mercredi,Jeudi,Vendredi,Samedi}",POINT (1.2536710831069078 6.142993699405153)
_mview_sant_laboratoires_analyses.fid-2a24adac_19adf174350_7624,Maritime,Golfe,Golfe 4,Amoutivé,Laboratoire du Clinique St Augustin,Prive,1987,"{Lundi,Mardi,Mercredi,Jeudi,Vendredi,Samedi,Dimanche}",POINT (1.2294717649470686 6.138009516269211)
_mview_sant_laboratoires_analyses.fid-2a24adac_19adf174350_7625,Maritime,Golfe,Golfe 1,Bè-Est,Laboratoire du Clinic Saint Bernadin,Prive,Nsp,"{Lundi,Mardi,Mercredi,Jeudi,Vendredi,Samedi,Dimanche}",POINT (1.2734974862796533 6.161391010706399)
_mview_sant_laboratoires_analyses.fid-2a24adac_19adf174350_7626,Maritime,Golfe,Golfe 4,Amoutivé,Laboratoire Clinique Ste Marie Reine,Prive,Nsp,"{Lundi,Mardi,Mercredi,Jeudi,Samedi,Vendredi}",POINT (1.2079080049569553 6.134343877120081)
_mview_sant_laboratoires_analyses.fid-2a24adac_19adf174350_7627,Maritime,Golfe,Golfe 3,Bè-Ouest,Laboratoire de la Clinique Sur le Roc,Prive,Nsp,"{Lundi,Mardi,Mercredi,Jeudi,Vendredi}",POINT (1.223703009463258 6.156305292353683)
_mview_sant_laboratoires_analyses.fid-2a24adac_19adf174350_7628,Maritime,Golfe,Golfe 3,Bè-Ouest,Laboratoire de la Clinique Taamba,Prive,Nsp,"{Lundi,Mardi,Mercredi,Jeudi,Vendredi,Samedi}",POINT (1.2220060282388543 6.152480314776638)
_mview_sant_laboratoires_analyses.fid-2a24adac_19adf174350_7629,Maritime,Agoè-Nyivé,Agoè-Nyivé 6,Adétikopé,Laboratoire ONG Pierre Angulaire,Prive,2019,"{Lundi,Mardi,Mercredi,Jeudi,Vendredi,Samedi}",POINT (1.2214500392531198 6.322258792012982)
_mview_sant_laboratoires_analyses.fid-2a24adac_19adf174350_762a,Maritime,Agoè-Nyivé,Agoè-Nyivé 4,Togblekope,Laboratoire d'analyse Biomedical,Prive,2022,"{Lundi,Mardi,Mercredi,Jeudi,Vendredi,Samedi}",POINT (1.2101944058756964 6.269214253223568)
_mview_sant_laboratoires_analyses.fid-2a24adac_19adf174350_762b,Maritime,Golfe,Golfe 2,Bè-Centre,Laboratoire CMA Base Transport de Lome,Public,2005,"{Lundi,Mardi,Mercredi,Jeudi,Vendredi,Samedi,Dimanche}",POINT (1.256277763847779 6.175601361582098)
_mview_sant_laboratoires_analyses.fid-2a24adac_19adf174350_762c,Maritime,Golfe,Golfe 3,Bè-Ouest,Laboratoire Cma Lome 2 Centre,Public,2012,"{Lundi,Mardi,Mercredi,Jeudi,Vendredi,Samedi,Dimanche}",POINT (1.2340337912648387 6.181271807538949)
_mview_sant_laboratoires_analyses.fid-2a24adac_19adf174350_762d,Maritime,Golfe,Golfe 5,Aflao-Gakli,Laboratoire Cma du deuxieme Ri,Public,Nsp,"{Lundi,Mardi,Mercredi,Jeudi,Vendredi,Samedi,Dimanche}",POINT (1.1687681696185208 6.186893830496727)
_mview_sant_laboratoires_analyses.fid-2a24adac_19adf174350_762e,Maritime,Agoè-Nyivé,Agoè-Nyivé 1,Agoè-Nyivé,Laboratoire du Cma du Premier Bir,autre,Nsp,"{Lundi,Mardi,Mercredi,Jeudi,Vendredi,Samedi,Dimanche}",POINT (1.189831192487755 6.246234271910474)
_mview_sant_laboratoires_analyses.fid-2a24adac_19adf174350_762f,Maritime,Agoè-Nyivé,Agoè-Nyivé 1,Agoè-Nyivé,Laboratoire du Cma Rbra,Public,Nsp,"{Lundi,Mardi,Mercredi,Jeudi,Vendredi,Samedi,Dimanche}",POINT (1.2135468811218415 6.214533162282394)
_mview_sant_laboratoires_analyses.fid-2a24adac_19adf174350_7630,Maritime,Golfe,Golfe 1,Bè-Est,Laboratoire CMS Acs/risa,Prive,2008,"{Lundi,Mercredi,Mardi,Jeudi,Vendredi}",POINT (1.255755166908172 6.1409539929955)
_mview_sant_laboratoires_analyses.fid-2a24adac_19adf174350_7631,Maritime,Golfe,Golfe 6,Baguida,Laboratoire CMS Adamavo,Public,Nsp,"{Lundi,Mardi,Mercredi,Jeudi,Vendredi}",POINT (1.3104438763363042 6.1690021668697845)
_mview_sant_laboratoires_analyses.fid-2a24adac_19adf174350_7632,Maritime,Golfe,Golfe 4,Amoutivé,Laboratoire CMS Adawlato,Public,2015,"{Lundi,Mardi,Mercredi,Jeudi,Vendredi}",POINT (1.2302553043090514 6.127580135380347)
_mview_sant_laboratoires_analyses.fid-2a24adac_19adf174350_7633,Maritime,Agoè-Nyivé,Agoè-Nyivé 6,Adétikopé,Laboratoire CMS Adetikope,Public,2020,"{""Jeudi"",""Lundi"",""Mardi"",""Mercredi"",""Vendredi""}",POINT (1.222473249855649 6.318059126187587)
_mview_sant_laboratoires_analyses.fid-2a24adac_19adf174350_7634,Maritime,Golfe,Golfe 5,Aflao-Gakli,Laboratoire CMS Adidogome,Public,Néant,"{Lundi,Mardi,Mercredi,Jeudi,Vendredi,Samedi}",POINT (1.1682624730457996 6.183972023455887)
_mview_sant_laboratoires_analyses.fid-2a24adac_19adf174350_7635,Maritime,Avé,Avé 1,Tovégan,Laboratoire de CMS Agakpe,Prive,2013,"{Lundi,Mardi,Mercredi,Jeudi,Vendredi,Samedi}",POINT (0.8670367842978179 6.614230513208321)
_mview_sant_laboratoires_analyses.fid-2a24adac_19adf174350_7636,Maritime,Agoè-Nyivé,Agoè-Nyivé 1,Agoè-Nyivé,Laboratoire du Clinique Bonne Esperance,Prive,Nsp,"{Lundi,Mardi,Mercredi,Jeudi,Vendredi,Samedi}",POINT (1.2167094671686947 6.223045139324117)
_mview_sant_laboratoires_analyses.fid-2a24adac_19adf174350_7637,Maritime,Zio,Zio 3,Agbélouvé,Laboratoire CMS Agbelouve,Public,2015,"{Lundi,Mardi,Mercredi,Jeudi,Vendredi,Samedi}",POINT (1.163921658356681 6.67086241081048)
_mview_sant_laboratoires_analyses.fid-2a24adac_19adf174350_7638,Maritime,Yoto,Yoto 2,Ahépé,Laboratoire de CMS Ahepe,Public,2016,"{Lundi,Mardi,Mercredi,Jeudi,Vendredi,Dimanche,Samedi}",POINT (1.385800119145684 6.603691117992088)
_mview_sant_laboratoires_analyses.fid-2a24adac_19adf174350_7639,Maritime,Avé,Avé 2,Aképé,Laboratoire de CMS Akepe,Public,2013,"{Lundi,Mardi,Mercredi,Jeudi,Vendredi,Samedi}",POINT (1.060266255822674 6.241934888634706)
_mview_sant_laboratoires_analyses.fid-2a24adac_19adf174350_763a,Maritime,Vo,Vo 4,Akoumapé,Laboratoire de CMS Akoumape,Public,2020,"{Lundi,Mardi,Mercredi,Vendredi,Jeudi}",POINT (1.4366918607939454 6.383195524837856)
_mview_sant_laboratoires_analyses.fid-2a24adac_19adf174350_763b,Maritime,Agoè-Nyivé,Agoè-Nyivé 1,Agoè-Nyivé,Laboratoire du CMS Al Noor,Prive,2016,"{Lundi,Mardi,Mercredi,Jeudi,Vendredi,Samedi}",POINT (1.2084852621597164 6.251530104126298)
_mview_sant_laboratoires_analyses.fid-2a24adac_19adf174350_763c,Maritime,Golfe,Golfe 7,Aflao-Sagbado,Laboratoire,Prive,2019,"{Lundi,Mardi,Mercredi,Jeudi,Vendredi,Samedi}",POINT (1.1383285279867859 6.178033346172362)
_mview_sant_laboratoires_analyses.fid-2a24adac_19adf174350_763d,Maritime,Agoè-Nyivé,Agoè-Nyivé 6,Adétikopé,Laboratoire CMS Berceau,Prive,N/a,N/a,POINT (1.2168031706942843 6.3216274061393705)
_mview_sant_laboratoires_analyses.fid-2a24adac_19adf174350_763e,Maritime,Golfe,Golfe 7,Aflao-Sagbado,Laboratoire du CMS Alpha Omega,Prive,2018,"{Lundi,Mardi,Mercredi,Jeudi,Vendredi}",POINT (1.135148059986036 6.203129779703997)
_mview_sant_laboratoires_analyses.fid-2a24adac_19adf174350_763f,Maritime,Golfe,Golfe 3,Bè-Ouest,Laboratoire CMS Ste Marie Madeleine,ONG,2009,"{Lundi,Mardi,Mercredi,Jeudi,Vendredi}",POINT (1.2049203870234968 6.16590569084055)
_mview_sant_laboratoires_analyses.fid-2a24adac_19adf174350_7640,Maritime,Golfe,Golfe 6,Baguida,Laboratoire du CMS Avepozo,Public,2020,"{Lundi,Mardi,Mercredi,Jeudi,Vendredi}",POINT (1.3433584947573025 6.1721266280014)
_mview_sant_laboratoires_analyses.fid-2a24adac_19adf174350_7641,Maritime,Agoè-Nyivé,Agoè-Nyivé 1,Agoè-Nyivé,Laboratoire d'analyses du CMS la Gloire,Prive,2015,"{Lundi,Mardi,Mercredi,Jeudi,Vendredi}",POINT (1.2339679218293043 6.211183566036492)
_mview_sant_laboratoires_analyses.fid-2a24adac_19adf174350_7642,Maritime,Golfe,Golfe 3,Bè-Ouest,Laboratoire du CMS Ates,Public,Nsp,"{Mercredi,Jeudi,Vendredi,Lundi,Mardi}",POINT (1.2280435912682484 6.1635248333024535)
_mview_sant_laboratoires_analyses.fid-2a24adac_19adf174350_7643,Maritime,Bas-Mono,Bas-Mono 2,Attitogon,Laboratoire du CMS Attitogon,Public,2012,"{Lundi,Mardi,Mercredi,Jeudi,Vendredi,Samedi,Dimanche}",POINT (1.6610142357625832 6.417615894326792)
_mview_sant_laboratoires_analyses.fid-2a24adac_19adf174350_7644,Maritime,Golfe,Golfe 2,Bè-Centre,CMS Awoudja Laboratoire,Prive,Nsp,"{Lundi,Mardi,Mercredi,Jeudi,Vendredi,Samedi}",POINT (1.248724095607843 6.195567117085248)
_mview_sant_laboratoires_analyses.fid-2a24adac_19adf174350_7645,Maritime,Golfe,Golfe 6,Baguida,Laboratoire Medical de CMS Baguida,Public,Nsp,"{Samedi,Vendredi,Jeudi,Mercredi,Mardi,Lundi}",POINT (1.3275642297445098 6.175780147961048)
_mview_sant_laboratoires_analyses.fid-2a24adac_19adf174350_7646,Maritime,Golfe,Golfe 3,Bè-Ouest,Laboratoire CMS Be Attikoume,Public,2009,"{Lundi,Mardi,Mercredi,Vendredi,Samedi}",POINT (1.2070523782314162 6.16614801136077)
_mview_sant_laboratoires_analyses.fid-2a24adac_19adf174350_7647,Maritime,Golfe,Golfe 1,Bè-Est,Laboratoire CMS Be Kpota,Public,2014,"{Lundi,Mardi,Mercredi,Jeudi,Vendredi}",POINT (1.2669745957104022 6.161426119214418)
_mview_sant_laboratoires_analyses.fid-2a24adac_19adf174350_7648,Maritime,Agoè-Nyivé,Agoè-Nyivé 5,Sanguera,Laboratoire de CMS Bienheureux Luigi Tezza,Confessionnel,Nsp,"{Lundi,Mardi,Mercredi,Jeudi,Vendredi,Samedi}",POINT (1.1001107788353983 6.237154284563162)
_mview_sant_laboratoires_analyses.fid-2a24adac_19adf174350_7649,Maritime,Golfe,Golfe 5,Aflao-Gakli,Laboratoire CMS Biosante Plus,Prive,Nsp,"{Vendredi,Jeudi,Mercredi,Mardi,Lundi}",POINT (1.1791928983923587 6.198941989208525)
_mview_sant_laboratoires_analyses.fid-2a24adac_19adf174350_764a,Maritime,Agoè-Nyivé,Agoè-Nyivé 1,Agoè-Nyivé,Laboratoire du CMS Bonte-vie,Prive,2018,"{Lundi,Mardi,Mercredi,Jeudi,Vendredi,Samedi}",POINT (1.185223522853613 6.214593477496369)
_mview_sant_laboratoires_analyses.fid-2a24adac_19adf174350_764b,Maritime,Agoè-Nyivé,Agoè-Nyivé 1,Agoè-Nyivé,Laboratoire du CMS Cacaveli,Public,2009,"{Lundi,Mardi,Mercredi,Jeudi,Vendredi,Samedi}",POINT (1.1965520589063092 6.206232038721226)
_mview_sant_laboratoires_analyses.fid-2a24adac_19adf174350_764c,Maritime,Agoè-Nyivé,Agoè-Nyivé 1,Agoè-Nyivé,Laboratoire CMS de L'ONG le Rocher,Prive,2015,"{Lundi,Mardi,Mercredi,Jeudi,Vendredi,Samedi,Dimanche}",POINT (1.1738048605718483 6.235637533768707)
_mview_sant_laboratoires_analyses.fid-2a24adac_19adf174350_764d,Maritime,Golfe,Golfe 1,Bè-Est,Laboratoire de l'Hopital de Be 2,Public,2008,"{Lundi,Mardi,Mercredi,Jeudi,Vendredi}",POINT (1.2465088852653563 6.140544262391909)
_mview_sant_laboratoires_analyses.fid-2a24adac_19adf174350_764e,Maritime,Agoè-Nyivé,Agoè-Nyivé 1,Agoè-Nyivé,Laboratoire CMS des etoiles,Prive,Nsp,"{Lundi,Mardi,Mercredi,Jeudi,Vendredi,Samedi}",POINT (1.1809800258336633 6.225538921922033)
_mview_sant_laboratoires_analyses.fid-2a24adac_19adf174350_764f,Maritime,Agoè-Nyivé,Agoè-Nyivé 4,Togblekope,CMS Directaid Laboratoire,Prive,2000,"{Lundi,Mardi,Mercredi,Jeudi,Vendredi}",POINT (1.206236934372111 6.254940689859662)
_mview_sant_laboratoires_analyses.fid-2a24adac_19adf174350_7650,Maritime,Agoè-Nyivé,Agoè-Nyivé 1,Agoè-Nyivé,Laboratoire Médical Djadja Avonyo,Prive,1996,"{Lundi,Mardi,Mercredi,Jeudi,Vendredi,Samedi}",POINT (1.197697695660734 6.220864133857598)
_mview_sant_laboratoires_analyses.fid-2a24adac_19adf174350_7651,Maritime,Golfe,Golfe 5,Aflao-Gakli,Laboratoire du CMS Djidjole,Public,2009,"{Lundi,Mardi,Mercredi,Jeudi,Vendredi,Samedi}",POINT (1.1925833247448345 6.186266794141054)
_mview_sant_laboratoires_analyses.fid-2a24adac_19adf174350_7652,Maritime,Avé,Avé 1,Zolo,Laboratoire de USP Dzolo,Public,2003,"{Lundi,Mardi,Mercredi,Jeudi,Vendredi}",POINT (0.8888812530105963 6.372056310884756)
_mview_sant_laboratoires_analyses.fid-2a24adac_19adf174350_7653,Maritime,Agoè-Nyivé,Agoè-Nyivé 1,Agoè-Nyivé,Laboratoire CMS Docteur D Orient,Prive,Nsp,"{Dimanche,Samedi,Vendredi,Jeudi,Mercredi,Mardi,Lundi}",POINT (1.2046696695679748 6.225225693179903)
_mview_sant_laboratoires_analyses.fid-2a24adac_19adf174350_7654,Maritime,Golfe,Golfe 4,Amoutivé,CMS Nyekonakpoe Laboratoire,Public,2005,"{Lundi,Mardi,Mercredi,Jeudi,Vendredi}",POINT (1.200700134167063 6.128674947828146)
_mview_sant_laboratoires_analyses.fid-2a24adac_19adf174350_7655,Maritime,Golfe,Golfe 3,Bè-Ouest,Laboratoire du CMS Doumassesse,Public,2009,"{Lundi,Mardi,Mercredi,Jeudi,Vendredi,Samedi}",POINT (1.2178338955721417 6.160063260022077)
_mview_sant_laboratoires_analyses.fid-2a24adac_19adf174350_7656,Maritime,Agoè-Nyivé,Agoè-Nyivé 6,Adétikopé,Laboratoire de L Hopital Jura,Prive,2014,"{Lundi,Mardi,Mercredi,Jeudi,Vendredi,Samedi}",POINT (1.2306531044208284 6.323335487803756)
_mview_sant_laboratoires_analyses.fid-2a24adac_19adf174350_7657,Maritime,Golfe,Golfe 7,Aflao-Sagbado,Laboratoire CMS Dytheo,Prive,2013,"{Mardi,Mercredi,Lundi,Jeudi,Vendredi}",POINT (1.1530454779683172 6.188563847963848)
_mview_sant_laboratoires_analyses.fid-2a24adac_19adf174350_7658,Maritime,Golfe,Golfe 1,Bè-Est,Laboratoire CMS Dzidzo de Sid'espoir,ONG,2011,"{Lundi,Mardi,Mercredi,Jeudi,Vendredi}",POINT (1.266514849386133 6.160593767856672)
_mview_sant_laboratoires_analyses.fid-2a24adac_19adf174350_7659,Maritime,Golfe,Golfe 6,Baguida,Laboratoire de CMS Gbetsogbe,Public,2021,"{Lundi,Mardi,Mercredi,Jeudi,Vendredi}",POINT (1.305285352048496 6.153996767318294)
_mview_sant_laboratoires_analyses.fid-2a24adac_19adf174350_765a,Maritime,Agoè-Nyivé,Agoè-Nyivé 3,Vakpossito,Laboratoire CMS Echange Solidarite France Togo,Prive,2013,"{Lundi,Mardi,Mercredi,Jeudi,Vendredi,Samedi}",POINT (1.1706395082024788 6.217976917815761)
_mview_sant_laboratoires_analyses.fid-2a24adac_19adf174350_765b,Maritime,Golfe,Golfe 7,Aflao-Sagbado,Laboratoire du CMS El Rapha,Prive,2017,"{Lundi,Mardi,Mercredi,Jeudi,Vendredi}",POINT (1.140353602958162 6.18942306786415)
_mview_sant_laboratoires_analyses.fid-2a24adac_19adf174350_765c,Maritime,Golfe,Golfe 6,Baguida,Laboratoire du Centre Médico Social Eleos,ONG,2021,"{Lundi,Mardi,Mercredi,Jeudi,Vendredi,Samedi}",POINT (1.3797471196639466 6.180789524763975)
_mview_sant_laboratoires_analyses.fid-2a24adac_19adf174350_765d,Maritime,Agoè-Nyivé,Agoè-Nyivé 4,Togblekope,Laboratoire du CMS Elite Sante,Prive,2020,"{Lundi,Mardi,Mercredi,Jeudi,Vendredi}",POINT (1.1953618359630704 6.267806586624596)
_mview_sant_laboratoires_analyses.fid-2a24adac_19adf174350_765e,Maritime,Agoè-Nyivé,Agoè-Nyivé 6,Adétikopé,Laboratoire CMS Espoir,Prive,2017,"{Vendredi,Jeudi,Mercredi,Mardi,Lundi,Samedi,Dimanche}",POINT (1.2032889893337748 6.347511269673379)
_mview_sant_laboratoires_analyses.fid-2a24adac_19adf174350_765f,Maritime,Golfe,Golfe 7,Aflao-Sagbado,CMS Eternel des armées,ONG,2020,"{Samedi,Vendredi,Jeudi,Mercredi,Mardi,Lundi}",POINT (1.135253926919445 6.206751264609292)
_mview_sant_laboratoires_analyses.fid-2a24adac_19adf174350_7660,Maritime,Golfe,Golfe 5,Aflao-Gakli,Laboratoire d'analyse du CMS Famme-confiance,ONG,2012,"{Lundi,Mardi,Mercredi,Jeudi,Vendredi}",POINT (1.1941294628631052 6.175624004124373)
_mview_sant_laboratoires_analyses.fid-2a24adac_19adf174350_7661,Maritime,Golfe,Golfe 7,Aflao-Sagbado,Laboratoire d'analyse de CMS Gadh,Prive,Nsp,"{Lundi,Mercredi,Vendredi}",POINT (1.1781656192902903 6.17008445176355)
_mview_sant_laboratoires_analyses.fid-2a24adac_19adf174350_7662,Maritime,Golfe,Golfe 1,Bè-Est,Laboratoire CMS Gbenyedji,Public,Nsp,"{Lundi,Mardi,Mercredi,Jeudi,Vendredi,Samedi,Dimanche}",POINT (1.2581043957403588 6.147149503379502)
_mview_sant_laboratoires_analyses.fid-2a24adac_19adf174350_7663,Maritime,Agoè-Nyivé,Agoè-Nyivé 1,Agoè-Nyivé,Laboratoire du CMS Geriatrique le Reconfort,Prive,2021,"{Lundi,Mardi,Mercredi,Jeudi,Vendredi,Samedi}",POINT (1.215948207555279 6.2348394174426645)
_mview_sant_laboratoires_analyses.fid-2a24adac_19adf174350_7664,Maritime,Agoè-Nyivé,Agoè-Nyivé 6,Adétikopé,Laboratoire du CMS Grain de Sel,Prive,2017,"{Lundi,Mardi,Mercredi,Jeudi,Vendredi,Samedi,Dimanche}",POINT (1.2097893414403535 6.351764867967277)
_mview_sant_laboratoires_analyses.fid-2a24adac_19adf174350_7665,Maritime,Golfe,Golfe 7,Aflao-Sagbado,Laboratoire,Prive,Nsp,"{Lundi,Mardi,Mercredi,Jeudi,Vendredi,Samedi}",POINT (1.0930394026991586 6.211908885154402)
_mview_sant_laboratoires_analyses.fid-2a24adac_19adf174350_7666,Maritime,Golfe,Golfe 1,Bè-Est,Laboratoire CMS le Messie,ONG,2019,"{Lundi,Mardi,Mercredi,Jeudi,Vendredi,Samedi}",POINT (1.256838628127583 6.161581043520179)
_mview_sant_laboratoires_analyses.fid-2a24adac_19adf174350_7667,Maritime,Golfe,Golfe 1,Bè-Est,Laboratoire du CMS Hosanna,Prive,Nsp,"{Lundi,Mardi,Mercredi,Jeudi,Vendredi}",POINT (1.2716521821628601 6.171916909158823)
_mview_sant_laboratoires_analyses.fid-2a24adac_19adf174350_7668,Maritime,Golfe,Golfe 5,Aflao-Gakli,Laboratoire d'analyse du CMS Jerusalem des Assemblees de Dieu du Togo,Confessionnel,Nsp,"{Lundi,Mardi,Mercredi,Jeudi,Vendredi,Samedi}",POINT (1.1931983203042704 6.196213760707888)
_mview_sant_laboratoires_analyses.fid-2a24adac_19adf174350_7669,Maritime,Golfe,Golfe 1,Bè-Est,Laboratoire d'Analyses de CMS Kanyikope,Public,Nsp,Nsp,POINT (1.2933982449346364 6.16158863105183)
_mview_sant_laboratoires_analyses.fid-2a24adac_19adf174350_766a,Maritime,Avé,Avé 1,Kévé,Laboratoire du CMS Keve,Public,Nsp,"{Samedi,Vendredi,Jeudi,Mercredi,Mardi,Lundi}",POINT (0.9276152409078163 6.432489165973933)
_mview_sant_laboratoires_analyses.fid-2a24adac_19adf174350_766b,Maritime,Yoto,Yoto 1,Kouvé,Laboratoire de CMS Kouve,Public,2019,"{Lundi,Mardi,Mercredi,Jeudi,Vendredi,Samedi}",POINT (1.4133407430895453 6.662553408532949)
_mview_sant_laboratoires_analyses.fid-2a24adac_19adf174350_766c,Maritime,Golfe,Golfe 7,Aflao-Sagbado,Laboratoire CMS laetus-togo,ONG,Nsp,"{Lundi,Mardi,Mercredi,Jeudi,Vendredi,Samedi}",POINT (1.1548030647981729 6.192501682684835)
_mview_sant_laboratoires_analyses.fid-2a24adac_19adf174350_766d,Maritime,Golfe,Golfe 7,Aflao-Sagbado,Laboratoire CMS la Confiance,Prive,Nsp,"{Lundi,Mardi,Mercredi,Jeudi,Vendredi,Samedi}",POINT (1.1550812172572913 6.189814232386747)
_mview_sant_laboratoires_analyses.fid-2a24adac_19adf174350_766e,Maritime,Golfe,Golfe 7,Aflao-Sagbado,Laboratoire du CMS la Grâce,Prive,2019,"{Lundi,Mardi,Mercredi,Jeudi,Vendredi}",POINT (1.0948629356179038 6.191234860175102)
_mview_sant_laboratoires_analyses.fid-2a24adac_19adf174350_766f,Maritime,Golfe,Golfe 7,Aflao-Sagbado,Laboratoire CMS la Perverance,Prive,2021,"{Lundi,Mardi,Mercredi,Jeudi,Vendredi,Samedi}",POINT (1.1450958188270284 6.211971964735172)
_mview_sant_laboratoires_analyses.fid-2a24adac_19adf174350_7670,Maritime,Agoè-Nyivé,Agoè-Nyivé 2,Légbassito,Laboratoire du CMS la Solution,ONG,2017,"{Lundi,Mardi,Mercredi,Jeudi,Vendredi}",POINT (1.1556385059512355 6.253545439304842)
_mview_sant_laboratoires_analyses.fid-2a24adac_19adf174350_7671,Maritime,Agoè-Nyivé,Agoè-Nyivé 1,Agoè-Nyivé,Laboratoire CMS la Vraie Solution,Prive,2016,"{Vendredi,Samedi,Jeudi,Mercredi,Mardi,Lundi}",POINT (1.1971844183032176 6.228844060565813)
_mview_sant_laboratoires_analyses.fid-2a24adac_19adf174350_7672,Maritime,Agoè-Nyivé,Agoè-Nyivé 2,Légbassito,Laboratoire du CMS legbassito,Public,Nsp,"{Lundi,Mardi,Mercredi,Jeudi,Vendredi,Samedi}",POINT (1.1446703909517797 6.26437500158431)
_mview_sant_laboratoires_analyses.fid-2a24adac_19adf174350_7673,Maritime,Vo,Vo 4,Hahotoé,CMS les Oliviers,Prive,2006,"{Lundi,Mardi,Mercredi,Jeudi,Vendredi,Samedi,Dimanche}",POINT (1.4140205490414073 6.36151133005986)
_mview_sant_laboratoires_analyses.fid-2a24adac_19adf174350_7674,Maritime,Avé,Avé 1,Zolo,Laboratoire d'analyse de CMS Lolo-vava,Prive,2021,"{Lundi,Mardi,Mercredi,Jeudi,Vendredi,Samedi}",POINT (0.9472872296956454 6.3615855795452605)
_mview_sant_laboratoires_analyses.fid-2a24adac_19adf174350_7675,Maritime,Golfe,Golfe 5,Aflao-Gakli,Laboratoire d'analyse du CMS Lucia,ONG,2010,"{Lundi,Mardi,Mercredi,Jeudi,Vendredi}",POINT (1.2005958747958045 6.18161143196675)
_mview_sant_laboratoires_analyses.fid-2a24adac_19adf174350_7676,Maritime,Agoè-Nyivé,Agoè-Nyivé 1,Agoè-Nyivé,Laboratoire CMS Ma Citadelle,Prive,2019,"{Lundi,Mardi,Mercredi,Jeudi,Vendredi,Samedi,Dimanche}",POINT (1.2185295004357428 6.228527002497577)
_mview_sant_laboratoires_analyses.fid-2a24adac_19adf174350_7677,Maritime,Agoè-Nyivé,Agoè-Nyivé 5,Sanguera,Laboratoire du CMS Ma Guérison,Prive,2018,"{Lundi,Mardi,Mercredi,Jeudi,Vendredi,Samedi,Dimanche}",POINT (1.131521562468547 6.260440032694657)
_mview_sant_laboratoires_analyses.fid-2a24adac_19adf174350_7678,Maritime,Golfe,Golfe 2,Bè-Centre,Laboratoire du CMS Police,Public,Nsp,"{Lundi,Mardi,Mercredi,Jeudi,Vendredi}",POINT (1.235034683914201 6.151781202458557)
_mview_sant_laboratoires_analyses.fid-2a24adac_19adf174350_7679,Maritime,Agoè-Nyivé,Agoè-Nyivé 2,Légbassito,Laboratoire CMS Ma Sante,Prive,2017,"{Lundi,Mardi,Mercredi,Jeudi,Vendredi,Samedi,Dimanche}",POINT (1.1449080729735532 6.256304575184352)
_mview_sant_laboratoires_analyses.fid-2a24adac_19adf174350_767a,Maritime,Golfe,Golfe 4,Amoutivé,Laboratoire du CMS Alphonse Cavin,Confessionnel,Nsp,"{Lundi,Mardi,Mercredi,Jeudi,Vendredi}",POINT (1.2161770569600687 6.138384406759285)
_mview_sant_laboratoires_analyses.fid-2a24adac_19adf174350_767b,Maritime,Zio,Zio 1,Abobo,Laboratoire Merveille de Dieu,ONG,2020,"{Lundi,Mardi,Mercredi,Jeudi,Vendredi,Samedi}",POINT (1.2916375833364382 6.264859697785366)
_mview_sant_laboratoires_analyses.fid-2a24adac_19adf174350_767c,Maritime,Golfe,Golfe 4,Amoutivé,Laboratoire du CMS Mesa,Prive,2018,"{Lundi,Mardi,Jeudi}",POINT (1.201077620904627 6.138982027308646)
_mview_sant_laboratoires_analyses.fid-2a24adac_19adf174350_767d,Maritime,Golfe,Golfe 6,Baguida,Laboratoire de CMS Mgr Joseph Strebler,Confessionnel,2010,"{Lundi,Mardi,Mercredi,Vendredi,Samedi,Jeudi}",POINT (1.3105581954079508 6.171574076995533)
_mview_sant_laboratoires_analyses.fid-2a24adac_19adf174350_767e,Maritime,Agoè-Nyivé,Agoè-Nyivé 1,Agoè-Nyivé,Laboratoire du CMS Misericorde Jean Jacques Bazin,Prive,2006,"{Lundi,Mardi,Mercredi,Jeudi,Vendredi,Samedi}",POINT (1.2331181496019759 6.206538588615287)
_mview_sant_laboratoires_analyses.fid-2a24adac_19adf174350_767f,Maritime,Agoè-Nyivé,Agoè-Nyivé 6,Adétikopé,Laboratoire CMS Sante Espoir,Prive,2018,"{Lundi,Mardi,Mercredi,Jeudi,Vendredi,Samedi}",POINT (1.2107075970090784 6.349061475652735)
_mview_sant_laboratoires_analyses.fid-2a24adac_19adf174350_7680,Maritime,Agoè-Nyivé,Agoè-Nyivé 1,Agoè-Nyivé,Laboratoire du CMS Ophtalmologique Espoir Vie Vue,Prive,2007,"{Lundi,Mardi,Mercredi,Jeudi,Vendredi,Samedi}",POINT (1.198545200696397 6.21790050895301)
_mview_sant_laboratoires_analyses.fid-2a24adac_19adf174350_7681,Maritime,Golfe,Golfe 4,Amoutivé,CMS Sacre Coeur Junior Laboratoire,Confessionnel,2002,"{Lundi,Mardi,Mercredi,Jeudi,Vendredi}",POINT (1.2323212311355976 6.149266831114927)
_mview_sant_laboratoires_analyses.fid-2a24adac_19adf174350_7682,Maritime,Golfe,Golfe 1,Bè-Est,Laboratoire d'Analyses Medical de CMS Saint Camille de lellis de Lome,Prive,Nsp,"{Lundi,Mardi,Mercredi,Jeudi,Samedi,Vendredi}",POINT (1.2752010188028509 6.171350937586407)
_mview_sant_laboratoires_analyses.fid-2a24adac_19adf174350_7683,Maritime,Golfe,Golfe 1,Bè-Est,Laboratoire CMS Sainte Anne,Confessionnel,Nsp,"{Samedi,Vendredi,Jeudi,Mercredi,Mardi,Lundi}",POINT (1.2329681914356359 6.137321202318316)
_mview_sant_laboratoires_analyses.fid-2a24adac_19adf174350_7684,Maritime,Golfe,Golfe 4,Amoutivé,labo CMS Bakhita Brother Home,Confessionnel,Nsp,"{Vendredi,Jeudi,Mercredi,Mardi,Lundi}",POINT (1.2244234273270092 6.129264551383966)
_mview_sant_laboratoires_analyses.fid-2a24adac_19adf174350_7685,Maritime,Agoè-Nyivé,Agoè-Nyivé 3,Vakpossito,Laboratoire CMS Sante Mur,Prive,2017,"{Lundi,Mardi,Mercredi,Jeudi,Vendredi,Samedi}",POINT (1.1556265708153959 6.220683289922949)
_mview_sant_laboratoires_analyses.fid-2a24adac_19adf174350_7686,Maritime,Agoè-Nyivé,Agoè-Nyivé 1,Agoè-Nyivé,Laboratoire du CMS Sauvons la Vie,Prive,2019,"{Lundi,Mardi,Mercredi,Jeudi,Vendredi,Samedi}",POINT (1.205416117625388 6.218653645838558)
_mview_sant_laboratoires_analyses.fid-2a24adac_19adf174350_7687,Maritime,Golfe,Golfe 2,Bè-Centre,CMS Schilo Laboratoire,Prive,2016,"{Lundi,Mardi,Mercredi,Jeudi,Vendredi,Samedi}",POINT (1.2445267240641302 6.188582766497081)
_mview_sant_laboratoires_analyses.fid-2a24adac_19adf174350_7688,Maritime,Golfe,Golfe 7,Aflao-Sagbado,Laboratoire du CMS Segbe,Public,2017,"{Lundi,Mardi,Mercredi,Jeudi,Vendredi}",POINT (1.11185724219777 6.194127587516685)
_mview_sant_laboratoires_analyses.fid-2a24adac_19adf174350_7689,Maritime,Agoè-Nyivé,Agoè-Nyivé 1,Agoè-Nyivé,Laboratoire du CMS Shalom,Prive,2013,"{Lundi,Mardi,Mercredi,Jeudi,Vendredi,Samedi,Dimanche}",POINT (1.1851571763252575 6.239821166708959)
_mview_sant_laboratoires_analyses.fid-2a24adac_19adf174350_768a,Maritime,Golfe,Golfe 7,Aflao-Sagbado,Laboratoire du CMS Soeur Pura Pagani,Confessionnel,2010,"{Lundi,Mardi,Mercredi,Jeudi,Vendredi,Samedi}",POINT (1.1449172370728147 6.177215260162373)
_mview_sant_laboratoires_analyses.fid-2a24adac_19adf174350_768b,Maritime,Yoto,Yoto 1,Tabligbo,Laboratoire du CMS Source de Vie,Prive,2014,"{Lundi,Mardi,Mercredi,Jeudi,Vendredi}",POINT (1.5036244038816733 6.598328011879792)
_mview_sant_laboratoires_analyses.fid-2a24adac_19adf174350_768c,Maritime,Agoè-Nyivé,Agoè-Nyivé 5,Sanguera,Laboratoire CMS Terre Fertile,Prive,2019,"{Lundi,Mardi,Mercredi,Jeudi,Vendredi,Samedi}",POINT (1.1380218575091579 6.219744543770003)
_mview_sant_laboratoires_analyses.fid-2a24adac_19adf174350_768d,Maritime,Agoè-Nyivé,Agoè-Nyivé 4,Togblekope,Laboratoire du CMS Togblekope,Public,Nsp,"{Lundi,Mardi,Mercredi,Jeudi,Vendredi}",POINT (1.2100535267573946 6.276527534300858)
_mview_sant_laboratoires_analyses.fid-2a24adac_19adf174350_768e,Maritime,Golfe,Golfe 4,Amoutivé,Laboratoire CMS Utb Circulaire,autre,Nsp,"{Lundi,Mardi,Mercredi,Jeudi,Vendredi}",POINT (1.2110501791347728 6.126566226319375)
_mview_sant_laboratoires_analyses.fid-2a24adac_19adf174350_768f,Maritime,Agoè-Nyivé,Agoè-Nyivé 3,Vakpossito,Laboratoire d'analyse du CMS Vallee de Beraca,Prive,2018,"{Lundi,Mardi,Mercredi,Jeudi,Vendredi}",POINT (1.1563592097681814 6.221226845639647)
_mview_sant_laboratoires_analyses.fid-2a24adac_19adf174350_7690,Maritime,Agoè-Nyivé,Agoè-Nyivé 5,Sanguera,Laboratoire du CMS Vidosa,Prive,2016,"{Lundi,Mardi,Mercredi,Jeudi,Vendredi,Samedi}",POINT (1.147899953045724 6.221627660687198)
_mview_sant_laboratoires_analyses.fid-2a24adac_19adf174350_7691,Maritime,Zio,Zio 1,Djagblé,Laboratoire du Cabinet Medical Vie et Sante,Prive,2014,"{Lundi,Mardi,Mercredi,Jeudi,Vendredi}",POINT (1.2829489031320895 6.253336729109919)
_mview_sant_laboratoires_analyses.fid-2a24adac_19adf174350_7692,Maritime,Golfe,Golfe 2,Bè-Centre,GL BE CM Vita Laboratoire,Prive,Nsp,"{Vendredi,Jeudi,Mercredi,Mardi,Lundi}",POINT (1.2406655433430436 6.167862646810473)
_mview_sant_laboratoires_analyses.fid-2a24adac_19adf174350_7693,Maritime,Agoè-Nyivé,Agoè-Nyivé 1,Agoè-Nyivé,Laboratoire du CMS AET,Prive,2010,"{Samedi,Vendredi,Jeudi,Mercredi,Mardi,Lundi}",POINT (1.1925950860602867 6.2185449059746025)
_mview_sant_laboratoires_analyses.fid-2a24adac_19adf174350_7694,Maritime,Golfe,Golfe 5,Aflao-Gakli,Laboratoire CMS Notre Dame de Fatima,Prive,Nsp,"{Lundi,Mardi,Mercredi,Jeudi,Vendredi,Samedi}",POINT (1.1770371459571811 6.20175918935186)
_mview_sant_laboratoires_analyses.fid-2a24adac_19adf174350_7695,Maritime,Golfe,Golfe 1,Bè-Est,Laboratoire de Dama Clinic,Prive,1986,"{Lundi,Mardi,Mercredi,Jeudi,Vendredi,Samedi}",POINT (1.26571497823435 6.140566962520791)
_mview_sant_laboratoires_analyses.fid-2a24adac_19adf174350_7696,Maritime,Bas-Mono,Bas-Mono 1,Kpétsou,Laboratoire Analyse du Dispensaire Hotel Dieu de Mome Katihoe,Confessionnel,2006,"{Lundi,Mardi,Mercredi,Jeudi,Vendredi}",POINT (1.5512319249680888 6.5196096613920265)
_mview_sant_laboratoires_analyses.fid-2a24adac_19adf174350_7697,Maritime,Golfe,Golfe 7,Aflao-Sagbado,Laboratoire du Dispensaire Saint Daniel Comboni,Confessionnel,2016,"{Lundi,Mardi,Mercredi,Jeudi,Vendredi}",POINT (1.09168463234764 6.211994240450059)
_mview_sant_laboratoires_analyses.fid-2a24adac_19adf174350_7698,Maritime,Vo,Vo 2,Anyron-Kopé,Laboratoire du CMS San Marziano,Confessionnel,1977,"{Mardi,Mercredi,Jeudi,Vendredi,Samedi}",POINT (1.5543486667737045 6.268895409664512)
_mview_sant_laboratoires_analyses.fid-2a24adac_19adf174350_7699,Maritime,Golfe,Golfe 3,Bè-Ouest,Laboratoire En'roth Clinique des Roses,Prive,Nsp,"{Lundi,Mardi,Mercredi,Jeudi,Vendredi,Samedi}",POINT (1.2303095281053322 6.16231548418527)
_mview_sant_laboratoires_analyses.fid-2a24adac_19adf174350_769a,Maritime,Golfe,Golfe 5,Aflao-Gakli,Laboratoire Hopital Source de Vie,Prive,2019,"{Lundi,Mardi,Mercredi,Jeudi,Vendredi,Samedi}",POINT (1.17733049336773 6.193755061287197)
_mview_sant_laboratoires_analyses.fid-2a24adac_19adf174350_769b,Maritime,Golfe,Golfe 1,Bè-Est,Laboratoire de L'hôpital de Be,Public,Nsp,"{Lundi,Mardi,Mercredi,Jeudi,Vendredi,Samedi,Dimanche}",POINT (1.246275212014859 6.140744103183732)
_mview_sant_laboratoires_analyses.fid-2a24adac_19adf174350_769c,Maritime,Golfe,Golfe 1,Bè-Est,Laboratoire de L Hopital Prive Autel d'Elie,Prive,2013,"{Lundi,Mardi,Mercredi,Jeudi,Vendredi}",POINT (1.2438570733177072 6.140801749643546)
_mview_sant_laboratoires_analyses.fid-2a24adac_19adf174350_769d,Maritime,Golfe,Golfe 7,Aflao-Sagbado,Laboratoire CMS Regina Pacis,Confessionnel,2003,"{Lundi,Mardi,Mercredi,Jeudi,Vendredi,Samedi}",POINT (1.1405251944890247 6.20943719280338)
_mview_sant_laboratoires_analyses.fid-2a24adac_19adf174350_769e,Maritime,Bas-Mono,Bas-Mono 1,Afagnangan,Laboratoire de L Hopital Saint Jean de Dieu Afagnan,Confessionnel,1964,"{Lundi,Mardi,Mercredi,Jeudi,Vendredi,Samedi,Dimanche}",POINT (1.6322702776773594 6.494410434152467)
_mview_sant_laboratoires_analyses.fid-2a24adac_19adf174350_769f,Maritime,Yoto,Yoto 1,Kouvé,Laboratoire de L'hopital Soeur de la Providence Kouve,Confessionnel,2006,"{Dimanche,Samedi,Vendredi,Jeudi,Mercredi,Mardi,Lundi}",POINT (1.4114627513767668 6.654107052021553)
_mview_sant_laboratoires_analyses.fid-2a24adac_19adf174350_76a0,Maritime,Agoè-Nyivé,Agoè-Nyivé 2,Légbassito,Laboratoire Hopital Ste Josephine Bakhita,Confessionnel,2006,"{Lundi,Mardi,Mercredi,Jeudi,Vendredi,Samedi,Dimanche}",POINT (1.1624633569381564 6.259687192365324)
_mview_sant_laboratoires_analyses.fid-2a24adac_19adf174350_76a1,Maritime,Golfe,Golfe 1,Bè-Est,Laboratoire Cma Base Marine de Lome,Public,Nsp,"{Lundi,Mardi,Mercredi,Jeudi,Vendredi,Samedi,Dimanche}",POINT (1.279877257147898 6.140485063218322)
_mview_sant_laboratoires_analyses.fid-2a24adac_19adf174350_76a2,Maritime,Golfe,Golfe 6,Baguida,Laboratoire de Infirmerie Mgr de Marion Bresillac D Afanoukope,Confessionnel,2016,Nsp,POINT (1.3281627575626478 6.183208087775723)
_mview_sant_laboratoires_analyses.fid-2a24adac_19adf174350_76a3,Maritime,Golfe,Golfe 1,Bè-Est,Laboratoire d'analyses ONG Arc En Ciel,Prive,Nsp,"{Lundi,Mardi,Mercredi,Jeudi,Vendredi}",POINT (1.2481426970642608 6.147787930301759)
_mview_sant_laboratoires_analyses.fid-2a24adac_19adf174350_76a4,Maritime,Vo,Vo 4,Hahotoé,Laboratoire de Infirmerie de Snpt Hahotoe,Prive,Nsp,"{Lundi,Mardi,Mercredi,Jeudi,Vendredi}",POINT (1.3960980560134035 6.357568837977197)
_mview_sant_laboratoires_analyses.fid-2a24adac_19adf174350_76a5,Maritime,Golfe,Golfe 2,Bè-Centre,Centre la Prosperite Laboratoire,Prive,2017,"{Lundi,Mardi,Mercredi,Jeudi,Vendredi,Samedi,Dimanche}",POINT (1.2440805276093414 6.2047968529271476)
_mview_sant_laboratoires_analyses.fid-2a24adac_19adf174350_76a6,Maritime,Golfe,Golfe 5,Aflao-Gakli,Laboratoire de la Polyclinelle Wossinu et Gbogbo,Prive,Nsp,"{Lundi,Mardi,Mercredi,Jeudi,Vendredi,Samedi,Dimanche}",POINT (1.1824024895800604 6.176120999084658)
_mview_sant_laboratoires_analyses.fid-2a24adac_19adf174350_76a7,Maritime,Bas-Mono,Bas-Mono 1,Afagnangan,Laboratoire d'analyse du Polyclinique Afagnan,Public,2017,"{Lundi,Mardi,Mercredi,Jeudi,Vendredi,Samedi,Dimanche}",POINT (1.6289349539168263 6.495172487820118)
_mview_sant_laboratoires_analyses.fid-2a24adac_19adf174350_76a8,Maritime,Golfe,Golfe 3,Bè-Ouest,Laboratoire de Dépistage du VIH,ONG,Nsp,"{Lundi,Mardi,Mercredi,Jeudi,Vendredi}",POINT (1.2074636369669838 6.151813466372655)
_mview_sant_laboratoires_analyses.fid-2a24adac_19adf174350_76a9,Maritime,Agoè-Nyivé,Agoè-Nyivé 1,Agoè-Nyivé,Laboratoire d'analyse de la polyclinique Demakpoe,Public,2013,"{Lundi,Mardi,Mercredi,Jeudi,Vendredi,Samedi}",POINT (1.1934702119661251 6.241858210748254)
_mview_sant_laboratoires_analyses.fid-2a24adac_19adf174350_76aa,Maritime,Golfe,Golfe 2,Bè-Centre,Polyclinique Internationale Saint Joseph Laboratoire,Public,1991,"{Lundi,Mardi,Mercredi,Jeudi,Samedi,Dimanche,Vendredi}",POINT (1.241027055937702 6.173656337971746)
_mview_sant_laboratoires_analyses.fid-2a24adac_19adf174350_76ab,Maritime,Agoè-Nyivé,Agoè-Nyivé 1,Agoè-Nyivé,Laboratoire du Polyclinique la Providence du Golfe,Prive,2003,"{Lundi,Mercredi,Mardi,Jeudi,Vendredi,Samedi,Dimanche}",POINT (1.2091594127536922 6.215600650859583)
_mview_sant_laboratoires_analyses.fid-2a24adac_19adf174350_76ac,Maritime,Golfe,Golfe 1,Bè-Est,Laboratoire de la Polyclinique Saint Antoine de Padoue,Prive,2006,"{Lundi,Mardi,Mercredi,Jeudi,Vendredi,Samedi}",POINT (1.284213681357063 6.163458067111686)
_mview_sant_laboratoires_analyses.fid-2a24adac_19adf174350_76ad,Maritime,Golfe,Golfe 6,Baguida,Laboratoire d'Analyses Medical du Polyclinique Saint denis,Prive,Nsp,"{Samedi,Vendredi,Jeudi,Mercredi,Mardi,Lundi}",POINT (1.310675747802516 6.177794707402867)
_mview_sant_laboratoires_analyses.fid-2a24adac_19adf174350_76ae,Maritime,Zio,Zio 1,Tsévié,Laboratoire de L'hôpital du District de Zio,Public,Nsp,"{Vendredi,Jeudi,Mercredi,Mardi,Lundi}",POINT (1.2125058491606096 6.420063412390579)
_mview_sant_laboratoires_analyses.fid-2a24adac_19adf174350_76af,Maritime,Agoè-Nyivé,Agoè-Nyivé 1,Agoè-Nyivé,Laboratoire du Clinique Union Africaine,Prive,Nsp,"{Lundi,Mardi,Mercredi,Jeudi,Vendredi,Samedi}",POINT (1.203168820427611 6.214533300998563)
_mview_sant_laboratoires_analyses.fid-2a24adac_19adf174350_76b0,Maritime,Vo,Vo 1,Vogan,Laboratoire de Polyclinique de Vogan,Public,Nsp,"{Lundi,Mardi,Mercredi,Jeudi,Vendredi}",POINT (1.5305299529887646 6.333377885076784)
_mview_sant_laboratoires_analyses.fid-2a24adac_19adf174350_76b1,Maritime,Golfe,Golfe 5,Aflao-Gakli,Laboratoire Polyclinique Melia,Prive,Nsp,"{Lundi,Mardi,Mercredi,Jeudi,Vendredi,Samedi}",POINT (1.1754664485874764 6.18647760568317)
_mview_sant_laboratoires_analyses.fid-2a24adac_19adf174350_76b2,Maritime,Agoè-Nyivé,Agoè-Nyivé 3,Vakpossito,Laboratoire d'analyse du CMS Agoe Elavagnon,Public,2014,"{Lundi,Mardi,Mercredi,Jeudi,Vendredi,Samedi}",POINT (1.1731802169107968 6.208829861956633)
_mview_sant_laboratoires_analyses.fid-2a24adac_19adf174350_76b3,Maritime,Avé,Avé 2,Badja,Laboratoire de L'USP Badja,Public,1969,"{Samedi,Vendredi,Jeudi,Mercredi,Mardi,Lundi}",POINT (0.9874670339867069 6.376109543478839)
_mview_sant_laboratoires_analyses.fid-2a24adac_19adf174350_76b4,Maritime,Vo,Vo 3,Dzrékpo,Laboratoire de USP Dzrekpo,Public,Nsp,"{Lundi,Mardi,Mercredi,Jeudi,Vendredi}",POINT (1.5693982307446894 6.471167213296608)
_mview_sant_laboratoires_analyses.fid-2a24adac_19adf174350_76b5,Maritime,Zio,Zio 1,Dalavé,Laboratoire de USP Dalave,Public,2021,"{Lundi,Mardi,Mercredi,Jeudi,Vendredi}",POINT (1.2515439230971237 6.382175274154879)
_mview_sant_laboratoires_analyses.fid-2a24adac_19adf174350_76b6,Maritime,Zio,Zio 3,Gamé-Sèva,Laboratoire d'analyse Medicale CMS Gameseva,Public,2002,"{Lundi,Mardi,Mercredi,Jeudi,Vendredi,Samedi,Dimanche}",POINT (1.1729376052623428 6.731224507613294)
_mview_sant_laboratoires_analyses.fid-2a24adac_19adf174350_76b7,Maritime,Zio,Zio 1,Abobo,labobatoire du CMS Djagble,Public,2015,"{Lundi,Mardi,Mercredi,Jeudi,Vendredi}",POINT (1.284573587267823 6.264219360386683)
_mview_sant_laboratoires_analyses.fid-2a24adac_19adf174350_76b8,Maritime,Vo,Vo 3,Dzrékpo,Laboratoire de USP Dzrekpo-hagou,Public,2021,"{Lundi,Mardi,Mercredi,Jeudi,Vendredi}",POINT (1.5607962924479992 6.487098121746332)
_mview_sant_laboratoires_analyses.fid-2a24adac_19adf174350_76b9,Maritime,Zio,Zio 4,Gapé-Kpodji,Laboratoire USP Gape Kpodji,Public,Nsp,"{Lundi,Mardi,Mercredi,Jeudi,Vendredi}",POINT (0.9689509967427444 6.673320932965629)
_mview_sant_laboratoires_analyses.fid-2a24adac_19adf174350_76ba,Maritime,Yoto,Yoto 3,Essé-Godjin,Laboratoire de L'USP Graziano Bortolotti Godjinme,Prive,Nsp,"{Mercredi,Jeudi,Vendredi,Samedi,Dimanche,Lundi,Mardi}",POINT (1.5258397350086266 6.730735398652704)
_mview_sant_laboratoires_analyses.fid-2a24adac_19adf174350_76bb,Maritime,Vo,Vo 4,Hahotoé,Laboratoire de L'USP de Hahotoe,Public,1966,"{Lundi,Mardi,Mercredi,Jeudi,Vendredi}",POINT (1.4118525913277367 6.368959331037917)
_mview_sant_laboratoires_analyses.fid-2a24adac_19adf174350_76bc,Maritime,Vo,Vo 2,Anyron-Kopé,Laboratoire de USP Kouenou,Public,2021,"{Lundi,Mardi,Mercredi,Jeudi,Vendredi}",POINT (1.5721122205814608 6.247435475314618)
_mview_sant_laboratoires_analyses.fid-2a24adac_19adf174350_76bd,Maritime,Zio,Zio 2,Kovié,Laboratoire de Kovie,Public,2017,"{Lundi,Mardi,Mercredi,Jeudi,Vendredi}",POINT (1.1078217296161024 6.339825577160247)
_mview_sant_laboratoires_analyses.fid-2a24adac_19adf174350_76be,Maritime,Zio,Zio 1,Abobo,Laboratoire de USP lebe,Public,2020,"{Lundi,Mardi,Mercredi,Jeudi,Vendredi,Samedi}",POINT (1.3473876687425168 6.2209368118541)
_mview_sant_laboratoires_analyses.fid-2a24adac_19adf174350_76bf,Maritime,Zio,Zio 2,Mission-Tové,Laboratoire Mission Tove,Public,Nsp,"{Lundi,Mardi,Mercredi,Jeudi,Vendredi,Samedi}",POINT (1.1180177384241607 6.322728716881553)
_mview_sant_laboratoires_analyses.fid-2a24adac_19adf174350_76c0,Maritime,Avé,Avé 2,Noépé,Laboratoire de L'USP Noepe,Public,1975,"{Samedi,Vendredi,Jeudi,Mercredi,Mardi,Lundi}",POINT (1.033586273062582 6.265198996965233)
_mview_sant_laboratoires_analyses.fid-2a24adac_19adf174350_76c1,Maritime,Vo,Vo 4,Sévagan,Laboratoire de L'USP Sevagan,Public,2012,"{Lundi,Mardi,Mercredi,Jeudi,Vendredi}",POINT (1.4307890981879148 6.302018150666827)
_mview_sant_laboratoires_analyses.fid-2a24adac_19adf174350_76c2,Maritime,Vo,Vo 1,Vogan,Laboratoire de USP Sagadakope,Public,Nsp,"{Lundi,Mercredi,Mardi,Jeudi,Vendredi,Samedi}",POINT (1.4916874581431925 6.366260172787231)
_mview_sant_laboratoires_analyses.fid-2a24adac_19adf174350_76c3,Maritime,Vo,Vo 2,Togoville,Laboratoire de USP Togoville,Public,Nsp,"{Lundi,Mardi,Mercredi,Jeudi,Vendredi}",POINT (1.4797862636737442 6.234884457141119)
_mview_sant_laboratoires_analyses.fid-2a24adac_19adf174350_76c4,Maritime,Agoè-Nyivé,Agoè-Nyivé 5,Sanguera,Laboratoire CMS Emmanuel,Prive,Nsp,"{Vendredi,Lundi,Mardi,Mercredi,Jeudi,Samedi,Dimanche}",POINT (1.1396518108928673 6.23683223007229)
_mview_sant_laboratoires_analyses.fid-2a24adac_19adf174350_76c5,Maritime,Agoè-Nyivé,Agoè-Nyivé 5,Sanguera,Laboratoire CMS Sanguera,Public,1945,"{Lundi,Mardi,Mercredi,Jeudi,Vendredi,Samedi,Dimanche}",POINT (1.1133610511740863 6.229856048332323)
_mview_sant_laboratoires_analyses.fid-2a24adac_19adf174350_76c6,Maritime,Agoè-Nyivé,Agoè-Nyivé 3,Vakpossito,Ewesso Rossaline,Prive,2017,"{Dimanche,Samedi,Vendredi,Jeudi,Mercredi,Mardi,Lundi}",POINT (1.1602373655377907 6.220783339508357)
_mview_sant_laboratoires_analyses.fid-2a24adac_19adf174350_76c7,Maritime,Agoè-Nyivé,Agoè-Nyivé 2,Légbassito,Laboratoire du CMS Univers Sante,Prive,2021,"{Lundi,Mardi,Mercredi,Jeudi,Vendredi,Samedi}",POINT (1.1630644563740928 6.2618310840240445)
_mview_sant_laboratoires_analyses.fid-2a24adac_19adf174350_76c8,Maritime,Golfe,Golfe 2,Bè-Centre,Cabinet Médical Saint Clement Efrata Laboratoire,Prive,2022,"{Lundi,Mardi,Mercredi,Jeudi,Vendredi}",POINT (1.2515803033050383 6.184712672570881)
_mview_sant_laboratoires_analyses.fid-2a24adac_19adf174350_76c9,Maritime,Avé,Avé 1,Tovégan,Laboratoire de CMS Tovegan,Public,2009,"{Lundi,Mardi,Mercredi,Jeudi,Vendredi}",POINT (0.8943483470934523 6.565983855463024)
_mview_sant_laboratoires_analyses.fid-2a24adac_19adf174350_76ca,Maritime,Vo,Vo 1,Vo-Koutimé,Laboratoire Analyse du USP Vo Koutime,Public,2014,"{Lundi,Mardi,Mercredi,Jeudi,Vendredi}",POINT (1.5667381673558323 6.372272078617466)
